permno,permco,ticker,cusip,primaryexch,siccd,daily_first_date,daily_last_date,daily_observations,daily_trading_days,history_calendar_days,history_years_approx,price_missing,price_missing_pct,volume_missing,volume_missing_pct,zero_volume,bid_missing,bid_missing_pct,ask_missing,ask_missing_pct,both_bid_ask,both_bid_ask_pct,crossed_bid_ask,crossed_bid_ask_pct,return_missing,return_missing_pct,trade_count_missing,trade_count_missing_pct,full_price_coverage,full_volume_coverage,full_quote_coverage,has_crossed_quotes,full_return_coverage,full_trade_count_coverage
10104,8045.0,ORCL,68389X10,Q,7370.0,1993-01-04,2018-12-31,6547,6547,9493,25.99041752224504,0,0.0,0,0.0,0,0,0.0,0,0.0,6547,100.0,237,3.619978616160073,0,0.0,1378,21.047808156407516,True,True,True,True,True,False
10107,8048.0,MSFT,59491810,Q,7370.0,1993-01-04,2018-12-31,6547,6547,9493,25.99041752224504,0,0.0,0,0.0,0,0,0.0,0,0.0,6547,100.0,329,5.025202382770734,0,0.0,1,0.01527417137620284,True,True,True,True,True,False
11308,20468.0,KO,19121610,N,2086.0,1993-01-04,2018-12-31,6547,6547,9493,25.99041752224504,0,0.0,0,0.0,0,19,0.290209256147854,19,0.290209256147854,6528,99.70979074385214,29,0.44295096990988236,0,0.0,6547,100.0,True,True,False,True,True,False
11850,20678.0,XOM,30231G10,N,2911.0,1999-12-01,2018-12-31,4801,4801,6971,19.085557837097877,0,0.0,0,0.0,0,8,0.166631951676734,8,0.166631951676734,4793,99.83336804832327,42,0.8748177463028535,0,0.0,4801,100.0,True,True,False,True,True,False
12060,20792.0,GE,36960410,N,3641.0,1993-01-04,2018-12-31,6547,6547,9493,25.99041752224504,0,0.0,0,0.0,0,23,0.3513059416526653,23,0.3513059416526653,6524,99.64869405834733,23,0.3513059416526653,0,0.0,6547,100.0,True,True,False,True,True,False
13100,21172.0,MAY,57777810,N,5311.0,1993-01-04,1996-08-23,922,922,1328,3.6358658453114305,0,0.0,0,0.0,0,1,0.10845986984815618,1,0.10845986984815618,921,99.89154013015184,0,0.0,0,0.0,922,100.0,True,True,False,False,True,False
13856,21384.0,PEP,71344810,N,2086.0,1993-01-04,2018-12-31,6547,6547,9493,25.99041752224504,0,0.0,0,0.0,0,5,0.0763708568810142,5,0.0763708568810142,6542,99.92362914311899,25,0.381854284405071,0,0.0,6289,96.05926378493966,True,True,False,True,True,False
14541,20440.0,CVX,16676410,N,2911.0,2001-10-10,2018-12-31,4336,4336,6292,17.22655715263518,0,0.0,0,0.0,0,2,0.046125461254612546,2,0.046125461254612546,4334,99.9538745387454,35,0.8071955719557196,0,0.0,4336,100.0,True,True,False,True,True,False
14542,45483.0,GOOG,38259P70,Q,7375.0,2014-04-03,2018-12-31,1195,1195,1734,4.747433264887063,0,0.0,0,0.0,0,0,0.0,0,0.0,1195,100.0,0,0.0,1,0.08368200836820083,0,0.0,True,True,True,False,False,True
14593,7.0,AAPL,03783310,Q,3573.0,1993-01-04,2018-12-31,6547,6547,9493,25.99041752224504,0,0.0,0,0.0,0,0,0.0,0,0.0,6547,100.0,423,6.4609744921338015,0,0.0,0,0.0,True,True,True,True,True,True
21936,21394.0,PFE,71708110,N,2834.0,1993-01-04,2018-12-31,6547,6547,9493,25.99041752224504,0,0.0,0,0.0,5,27,0.4124026271574767,27,0.4124026271574767,6520,99.58759737284252,24,0.36658011302886817,0,0.0,6547,100.0,True,True,False,True,True,False
22111,21018.0,JNJ,47816010,N,2834.0,1993-01-04,2018-12-31,6547,6547,9493,25.99041752224504,0,0.0,0,0.0,0,13,0.19856422789063694,13,0.19856422789063694,6534,99.80143577210936,37,0.565144340919505,0,0.0,6547,100.0,True,True,False,True,True,False
26403,20587.0,DIS,25468710,N,7812.0,1993-01-04,2018-12-31,6547,6547,9493,25.99041752224504,0,0.0,0,0.0,0,41,0.6262410264243166,41,0.6262410264243166,6506,99.37375897357569,20,0.3054834275240568,0,0.0,6547,100.0,True,True,False,True,True,False
38703,21305.0,WFC,94974610,N,6021.0,1998-11-03,2018-12-31,5072,5072,7364,20.161533196440793,0,0.0,0,0.0,0,8,0.15772870662460567,8,0.15772870662460567,5064,99.84227129337539,30,0.5914826498422713,0,0.0,5072,100.0,True,True,False,True,True,False
47896,20436.0,CMB,16161A10,N,6712.0,2001-01-02,2018-12-31,4527,4527,6573,17.9958932238193,0,0.0,0,0.0,0,0,0.0,0,0.0,4527,100.0,33,0.7289595758780649,0,0.0,4527,100.0,True,True,True,True,True,False
55976,21880.0,WMT,93114210,N,5331.0,1993-01-04,2018-12-31,6547,6547,9493,25.99041752224504,0,0.0,0,0.0,0,20,0.3054834275240568,20,0.3054834275240568,6527,99.69451657247595,37,0.565144340919505,0,0.0,6547,100.0,True,True,False,True,True,False
59328,2367.0,INTC,45814010,Q,3679.0,1993-01-04,2018-12-31,6547,6547,9493,25.99041752224504,0,0.0,0,0.0,0,0,0.0,0,0.0,6547,100.0,340,5.193218267908966,0,0.0,1,0.01527417137620284,True,True,True,True,True,False
59408,3151.0,BAC,06605F10,N,6021.0,1998-10-01,2018-12-31,5095,5095,7397,20.251882272416154,0,0.0,0,0.0,0,6,0.11776251226692837,6,0.11776251226692837,5089,99.88223748773308,20,0.39254170755642787,0,0.0,5095,100.0,True,True,False,True,True,False
66181,5085.0,HD,43707610,N,5211.0,1993-01-04,2018-12-31,6547,6547,9493,25.99041752224504,0,0.0,0,0.0,0,32,0.48877348403849086,32,0.48877348403849086,6515,99.51122651596151,30,0.4582251412860852,0,0.0,6547,100.0,True,True,False,True,True,False
69032,21224.0,MWD,61744644,N,6211.0,1993-01-04,2018-12-31,4377,4377,9493,25.99041752224504,0,0.0,0,0.0,0,1,0.02284669865204478,1,0.02284669865204478,4376,99.97715330134795,24,0.5483207676490748,0,0.0,4377,100.0,True,True,False,True,True,False
70519,20483.0,TRV,89419010,N,6211.0,1998-12-04,2018-12-31,5050,5050,7333,20.076659822039698,0,0.0,0,0.0,0,5,0.09900990099009901,5,0.09900990099009901,5045,99.9009900990099,22,0.4356435643564357,0,0.0,5050,100.0,True,True,False,True,True,False
76076,10486.0,CSCO,17275R10,Q,3674.0,1993-01-04,2018-12-31,6547,6547,9493,25.99041752224504,0,0.0,0,0.0,0,0,0.0,0,0.0,6547,100.0,336,5.132121582404155,0,0.0,2,0.03054834275240568,True,True,True,True,True,False
76947,10961.0,META,59139810,Q,3690.0,1993-01-04,2002-04-25,2347,2347,3399,9.305954825462011,0,0.0,0,0.0,27,0,0.0,0,0.0,2347,100.0,0,0.0,0,0.0,1,0.04260758414997869,True,True,True,False,True,False
82621,14097.0,USOS,91232910,Q,6710.0,1998-04-23,2005-12-16,1927,1927,2795,7.652292950034223,1,0.05189413596263622,1,0.05189413596263622,23,317,16.450441100155683,317,16.450441100155683,1610,83.54955889984433,1,0.05189413596263622,1,0.05189413596263622,1927,100.0,False,False,False,True,False,False
84788,15473.0,AMZN,02313510,Q,7370.0,1997-05-15,2018-12-31,5443,5443,7901,21.631759069130734,0,0.0,0,0.0,0,0,0.0,0,0.0,5443,100.0,363,6.669116296160206,1,0.01837222120154327,0,0.0,True,True,True,True,False,True
86580,16382.0,NVDA,67066G10,Q,3670.0,1999-01-22,2018-12-31,5018,5018,7284,19.942505133470227,0,0.0,0,0.0,0,0,0.0,0,0.0,5018,100.0,231,4.603427660422479,1,0.01992825827022718,0,0.0,True,True,True,True,False,True
86868,35048.0,GS,38141G10,N,6211.0,1999-05-04,2018-12-31,4948,4948,7182,19.66324435318275,0,0.0,0,0.0,0,9,0.1818916734033953,9,0.1818916734033953,4939,99.8181083265966,48,0.9700889248181084,1,0.02021018593371059,4948,100.0,True,True,False,True,False,False
88614,39149.0,V,92851S10,N,4813.0,2000-09-12,2006-08-03,1481,1481,2152,5.891854893908282,0,0.0,0,0.0,0,62,4.186360567184335,62,4.186360567184335,1419,95.81363943281566,5,0.337609723160027,1,0.0675219446320054,1481,100.0,True,True,False,True,False,False
89393,43145.0,NFLX,64110L10,Q,7841.0,2002-05-23,2018-12-31,4181,4181,6067,16.61054072553046,0,0.0,0,0.0,0,0,0.0,0,0.0,4181,100.0,87,2.0808419038507537,1,0.02391772303276728,0,0.0,True,True,True,True,False,True
90319,45483.0,GOOG,38259P50,Q,7375.0,2004-08-19,2018-12-31,3617,3617,5248,14.368240930869268,0,0.0,0,0.0,0,0,0.0,0,0.0,3617,100.0,179,4.948852640309649,1,0.02764722145424385,0,0.0,True,True,True,True,False,True
91233,50700.0,MA,57636Q10,N,6153.0,2006-05-25,2018-12-31,3172,3172,4604,12.605065023956195,0,0.0,0,0.0,0,0,0.0,0,0.0,3172,100.0,14,0.4413619167717529,1,0.031525851197982346,3172,100.0,True,True,True,True,False,False
92611,52983.0,V,92826C83,N,7383.0,2008-03-19,2018-12-31,2716,2716,3940,10.787132101300479,0,0.0,0,0.0,0,0,0.0,0,0.0,2716,100.0,6,0.22091310751104565,1,0.036818851251840944,2716,100.0,True,True,True,True,False,False
92655,7267.0,UNH,91058110,N,6324.0,1993-01-04,2018-12-31,6547,6547,9493,25.99041752224504,0,0.0,0,0.0,2,160,2.4438674201924546,160,2.4438674201924546,6387,97.55613257980754,30,0.4582251412860852,0,0.0,6547,100.0,True,True,False,True,True,False
