raw_date_string,raw_correct_date,raw_dayfirst_false,raw_dayfirst_true,clean_date,symbol
06/04/1993,1993-04-06,1993-06-04,1993-04-06,1993-06-04,AAPL
07/04/1993,1993-04-07,1993-07-04,1993-04-07,1993-07-04,AAPL
08/04/1993,1993-04-08,1993-08-04,1993-04-08,1993-08-04,AAPL
12/04/1993,1993-04-12,1993-12-04,1993-04-12,1993-12-04,AAPL
13/04/1993,1993-04-13,,1993-04-13,,AAPL
14/04/1993,1993-04-14,,1993-04-14,,AAPL
15/04/1993,1993-04-15,,1993-04-15,,AAPL
16/04/1993,1993-04-16,,1993-04-16,,AAPL
19/04/1993,1993-04-19,,1993-04-19,,AAPL
20/04/1993,1993-04-20,,1993-04-20,,AAPL
21/04/1993,1993-04-21,,1993-04-21,,AAPL
22/04/1993,1993-04-22,,1993-04-22,,AAPL
23/04/1993,1993-04-23,,1993-04-23,,AAPL
26/04/1993,1993-04-26,,1993-04-26,,AAPL
27/04/1993,1993-04-27,,1993-04-27,,AAPL
28/04/1993,1993-04-28,,1993-04-28,,AAPL
29/04/1993,1993-04-29,,1993-04-29,,AAPL
30/04/1993,1993-04-30,,1993-04-30,,AAPL
03/05/1993,1993-05-03,1993-03-05,1993-05-03,1993-03-05,AAPL
04/05/1993,1993-05-04,1993-04-05,1993-05-04,1993-04-05,AAPL
06/05/1993,1993-05-06,1993-06-05,1993-05-06,1993-06-05,AAPL
07/05/1993,1993-05-07,1993-07-05,1993-05-07,1993-07-05,AAPL
10/05/1993,1993-05-10,1993-10-05,1993-05-10,1993-10-05,AAPL
11/05/1993,1993-05-11,1993-11-05,1993-05-11,1993-11-05,AAPL
12/05/1993,1993-05-12,1993-12-05,1993-05-12,1993-12-05,AAPL
13/05/1993,1993-05-13,,1993-05-13,,AAPL
14/05/1993,1993-05-14,,1993-05-14,,AAPL
17/05/1993,1993-05-17,,1993-05-17,,AAPL
18/05/1993,1993-05-18,,1993-05-18,,AAPL
19/05/1993,1993-05-19,,1993-05-19,,AAPL
20/05/1993,1993-05-20,,1993-05-20,,AAPL
21/05/1993,1993-05-21,,1993-05-21,,AAPL
24/05/1993,1993-05-24,,1993-05-24,,AAPL
25/05/1993,1993-05-25,,1993-05-25,,AAPL
26/05/1993,1993-05-26,,1993-05-26,,AAPL
27/05/1993,1993-05-27,,1993-05-27,,AAPL
28/05/1993,1993-05-28,,1993-05-28,,AAPL
01/06/1993,1993-06-01,1993-01-06,1993-06-01,1993-01-06,AAPL
02/06/1993,1993-06-02,1993-02-06,1993-06-02,1993-02-06,AAPL
03/06/1993,1993-06-03,1993-03-06,1993-06-03,1993-03-06,AAPL
04/06/1993,1993-06-04,1993-04-06,1993-06-04,1993-04-06,AAPL
07/06/1993,1993-06-07,1993-07-06,1993-06-07,1993-07-06,AAPL
08/06/1993,1993-06-08,1993-08-06,1993-06-08,1993-08-06,AAPL
09/06/1993,1993-06-09,1993-09-06,1993-06-09,1993-09-06,AAPL
10/06/1993,1993-06-10,1993-10-06,1993-06-10,1993-10-06,AAPL
11/06/1993,1993-06-11,1993-11-06,1993-06-11,1993-11-06,AAPL
14/06/1993,1993-06-14,,1993-06-14,,AAPL
15/06/1993,1993-06-15,,1993-06-15,,AAPL
16/06/1993,1993-06-16,,1993-06-16,,AAPL
17/06/1993,1993-06-17,,1993-06-17,,AAPL
18/06/1993,1993-06-18,,1993-06-18,,AAPL
21/06/1993,1993-06-21,,1993-06-21,,AAPL
22/06/1993,1993-06-22,,1993-06-22,,AAPL
23/06/1993,1993-06-23,,1993-06-23,,AAPL
24/06/1993,1993-06-24,,1993-06-24,,AAPL
25/06/1993,1993-06-25,,1993-06-25,,AAPL
28/06/1993,1993-06-28,,1993-06-28,,AAPL
29/06/1993,1993-06-29,,1993-06-29,,AAPL
30/06/1993,1993-06-30,,1993-06-30,,AAPL
01/07/1993,1993-07-01,1993-01-07,1993-07-01,1993-01-07,AAPL
02/07/1993,1993-07-02,1993-02-07,1993-07-02,1993-02-07,AAPL
06/07/1993,1993-07-06,1993-06-07,1993-07-06,1993-06-07,AAPL
08/07/1993,1993-07-08,1993-08-07,1993-07-08,1993-08-07,AAPL
09/07/1993,1993-07-09,1993-09-07,1993-07-09,1993-09-07,AAPL
12/07/1993,1993-07-12,1993-12-07,1993-07-12,1993-12-07,AAPL
13/07/1993,1993-07-13,,1993-07-13,,AAPL
14/07/1993,1993-07-14,,1993-07-14,,AAPL
15/07/1993,1993-07-15,,1993-07-15,,AAPL
16/07/1993,1993-07-16,,1993-07-16,,AAPL
19/07/1993,1993-07-19,,1993-07-19,,AAPL
20/07/1993,1993-07-20,,1993-07-20,,AAPL
21/07/1993,1993-07-21,,1993-07-21,,AAPL
22/07/1993,1993-07-22,,1993-07-22,,AAPL
23/07/1993,1993-07-23,,1993-07-23,,AAPL
26/07/1993,1993-07-26,,1993-07-26,,AAPL
27/07/1993,1993-07-27,,1993-07-27,,AAPL
28/07/1993,1993-07-28,,1993-07-28,,AAPL
29/07/1993,1993-07-29,,1993-07-29,,AAPL
30/07/1993,1993-07-30,,1993-07-30,,AAPL
02/08/1993,1993-08-02,1993-02-08,1993-08-02,1993-02-08,AAPL
03/08/1993,1993-08-03,1993-03-08,1993-08-03,1993-03-08,AAPL
04/08/1993,1993-08-04,1993-04-08,1993-08-04,1993-04-08,AAPL
05/08/1993,1993-08-05,1993-05-08,1993-08-05,1993-05-08,AAPL
06/08/1993,1993-08-06,1993-06-08,1993-08-06,1993-06-08,AAPL
09/08/1993,1993-08-09,1993-09-08,1993-08-09,1993-09-08,AAPL
10/08/1993,1993-08-10,1993-10-08,1993-08-10,1993-10-08,AAPL
11/08/1993,1993-08-11,1993-11-08,1993-08-11,1993-11-08,AAPL
12/08/1993,1993-08-12,1993-12-08,1993-08-12,1993-12-08,AAPL
13/08/1993,1993-08-13,,1993-08-13,,AAPL
16/08/1993,1993-08-16,,1993-08-16,,AAPL
17/08/1993,1993-08-17,,1993-08-17,,AAPL
18/08/1993,1993-08-18,,1993-08-18,,AAPL
19/08/1993,1993-08-19,,1993-08-19,,AAPL
20/08/1993,1993-08-20,,1993-08-20,,AAPL
23/08/1993,1993-08-23,,1993-08-23,,AAPL
24/08/1993,1993-08-24,,1993-08-24,,AAPL
25/08/1993,1993-08-25,,1993-08-25,,AAPL
26/08/1993,1993-08-26,,1993-08-26,,AAPL
27/08/1993,1993-08-27,,1993-08-27,,AAPL
30/08/1993,1993-08-30,,1993-08-30,,AAPL
31/08/1993,1993-08-31,,1993-08-31,,AAPL
01/09/1993,1993-09-01,1993-01-09,1993-09-01,1993-01-09,AAPL
02/09/1993,1993-09-02,1993-02-09,1993-09-02,1993-02-09,AAPL
03/09/1993,1993-09-03,1993-03-09,1993-09-03,1993-03-09,AAPL
07/09/1993,1993-09-07,1993-07-09,1993-09-07,1993-07-09,AAPL
08/09/1993,1993-09-08,1993-08-09,1993-09-08,1993-08-09,AAPL
10/09/1993,1993-09-10,1993-10-09,1993-09-10,1993-10-09,AAPL
13/09/1993,1993-09-13,,1993-09-13,,AAPL
14/09/1993,1993-09-14,,1993-09-14,,AAPL
15/09/1993,1993-09-15,,1993-09-15,,AAPL
16/09/1993,1993-09-16,,1993-09-16,,AAPL
17/09/1993,1993-09-17,,1993-09-17,,AAPL
20/09/1993,1993-09-20,,1993-09-20,,AAPL
21/09/1993,1993-09-21,,1993-09-21,,AAPL
22/09/1993,1993-09-22,,1993-09-22,,AAPL
23/09/1993,1993-09-23,,1993-09-23,,AAPL
24/09/1993,1993-09-24,,1993-09-24,,AAPL
27/09/1993,1993-09-27,,1993-09-27,,AAPL
28/09/1993,1993-09-28,,1993-09-28,,AAPL
29/09/1993,1993-09-29,,1993-09-29,,AAPL
30/09/1993,1993-09-30,,1993-09-30,,AAPL
01/10/1993,1993-10-01,1993-01-10,1993-10-01,1993-01-10,AAPL
04/10/1993,1993-10-04,1993-04-10,1993-10-04,1993-04-10,AAPL
05/10/1993,1993-10-05,1993-05-10,1993-10-05,1993-05-10,AAPL
06/10/1993,1993-10-06,1993-06-10,1993-10-06,1993-06-10,AAPL
07/10/1993,1993-10-07,1993-07-10,1993-10-07,1993-07-10,AAPL
08/10/1993,1993-10-08,1993-08-10,1993-10-08,1993-08-10,AAPL
11/10/1993,1993-10-11,1993-11-10,1993-10-11,1993-11-10,AAPL
12/10/1993,1993-10-12,1993-12-10,1993-10-12,1993-12-10,AAPL
13/10/1993,1993-10-13,,1993-10-13,,AAPL
14/10/1993,1993-10-14,,1993-10-14,,AAPL
15/10/1993,1993-10-15,,1993-10-15,,AAPL
18/10/1993,1993-10-18,,1993-10-18,,AAPL
19/10/1993,1993-10-19,,1993-10-19,,AAPL
20/10/1993,1993-10-20,,1993-10-20,,AAPL
21/10/1993,1993-10-21,,1993-10-21,,AAPL
22/10/1993,1993-10-22,,1993-10-22,,AAPL
25/10/1993,1993-10-25,,1993-10-25,,AAPL
26/10/1993,1993-10-26,,1993-10-26,,AAPL
27/10/1993,1993-10-27,,1993-10-27,,AAPL
28/10/1993,1993-10-28,,1993-10-28,,AAPL
29/10/1993,1993-10-29,,1993-10-29,,AAPL
01/11/1993,1993-11-01,1993-01-11,1993-11-01,1993-01-11,AAPL
02/11/1993,1993-11-02,1993-02-11,1993-11-02,1993-02-11,AAPL
03/11/1993,1993-11-03,1993-03-11,1993-11-03,1993-03-11,AAPL
04/11/1993,1993-11-04,1993-04-11,1993-11-04,1993-04-11,AAPL
05/11/1993,1993-11-05,1993-05-11,1993-11-05,1993-05-11,AAPL
08/11/1993,1993-11-08,1993-08-11,1993-11-08,1993-08-11,AAPL
09/11/1993,1993-11-09,1993-09-11,1993-11-09,1993-09-11,AAPL
10/11/1993,1993-11-10,1993-10-11,1993-11-10,1993-10-11,AAPL
12/11/1993,1993-11-12,1993-12-11,1993-11-12,1993-12-11,AAPL
15/11/1993,1993-11-15,,1993-11-15,,AAPL
16/11/1993,1993-11-16,,1993-11-16,,AAPL
17/11/1993,1993-11-17,,1993-11-17,,AAPL
18/11/1993,1993-11-18,,1993-11-18,,AAPL
19/11/1993,1993-11-19,,1993-11-19,,AAPL
22/11/1993,1993-11-22,,1993-11-22,,AAPL
23/11/1993,1993-11-23,,1993-11-23,,AAPL
24/11/1993,1993-11-24,,1993-11-24,,AAPL
26/11/1993,1993-11-26,,1993-11-26,,AAPL
29/11/1993,1993-11-29,,1993-11-29,,AAPL
30/11/1993,1993-11-30,,1993-11-30,,AAPL
01/12/1993,1993-12-01,1993-01-12,1993-12-01,1993-01-12,AAPL
02/12/1993,1993-12-02,1993-02-12,1993-12-02,1993-02-12,AAPL
03/12/1993,1993-12-03,1993-03-12,1993-12-03,1993-03-12,AAPL
06/12/1993,1993-12-06,1993-06-12,1993-12-06,1993-06-12,AAPL
07/12/1993,1993-12-07,1993-07-12,1993-12-07,1993-07-12,AAPL
08/12/1993,1993-12-08,1993-08-12,1993-12-08,1993-08-12,AAPL
09/12/1993,1993-12-09,1993-09-12,1993-12-09,1993-09-12,AAPL
10/12/1993,1993-12-10,1993-10-12,1993-12-10,1993-10-12,AAPL
13/12/1993,1993-12-13,,1993-12-13,,AAPL
14/12/1993,1993-12-14,,1993-12-14,,AAPL
15/12/1993,1993-12-15,,1993-12-15,,AAPL
16/12/1993,1993-12-16,,1993-12-16,,AAPL
17/12/1993,1993-12-17,,1993-12-17,,AAPL
20/12/1993,1993-12-20,,1993-12-20,,AAPL
21/12/1993,1993-12-21,,1993-12-21,,AAPL
22/12/1993,1993-12-22,,1993-12-22,,AAPL
23/12/1993,1993-12-23,,1993-12-23,,AAPL
27/12/1993,1993-12-27,,1993-12-27,,AAPL
28/12/1993,1993-12-28,,1993-12-28,,AAPL
29/12/1993,1993-12-29,,1993-12-29,,AAPL
30/12/1993,1993-12-30,,1993-12-30,,AAPL
31/12/1993,1993-12-31,,1993-12-31,,AAPL
04/01/1993,1993-01-04,1993-04-01,1993-01-04,1993-04-01,BAC
05/01/1993,1993-01-05,1993-05-01,1993-01-05,1993-05-01,BAC
06/01/1993,1993-01-06,1993-06-01,1993-01-06,1993-06-01,BAC
07/01/1993,1993-01-07,1993-07-01,1993-01-07,1993-07-01,BAC
08/01/1993,1993-01-08,1993-08-01,1993-01-08,1993-08-01,BAC
11/01/1993,1993-01-11,1993-11-01,1993-01-11,1993-11-01,BAC
12/01/1993,1993-01-12,1993-12-01,1993-01-12,1993-12-01,BAC
13/01/1993,1993-01-13,,1993-01-13,,BAC
14/01/1993,1993-01-14,,1993-01-14,,BAC
15/01/1993,1993-01-15,,1993-01-15,,BAC
18/01/1993,1993-01-18,,1993-01-18,,BAC
19/01/1993,1993-01-19,,1993-01-19,,BAC
20/01/1993,1993-01-20,,1993-01-20,,BAC
21/01/1993,1993-01-21,,1993-01-21,,BAC
22/01/1993,1993-01-22,,1993-01-22,,BAC
25/01/1993,1993-01-25,,1993-01-25,,BAC
26/01/1993,1993-01-26,,1993-01-26,,BAC
27/01/1993,1993-01-27,,1993-01-27,,BAC
28/01/1993,1993-01-28,,1993-01-28,,BAC
29/01/1993,1993-01-29,,1993-01-29,,BAC
01/02/1993,1993-02-01,1993-01-02,1993-02-01,1993-01-02,BAC
03/02/1993,1993-02-03,1993-03-02,1993-02-03,1993-03-02,BAC
04/02/1993,1993-02-04,1993-04-02,1993-02-04,1993-04-02,BAC
05/02/1993,1993-02-05,1993-05-02,1993-02-05,1993-05-02,BAC
08/02/1993,1993-02-08,1993-08-02,1993-02-08,1993-08-02,BAC
09/02/1993,1993-02-09,1993-09-02,1993-02-09,1993-09-02,BAC
10/02/1993,1993-02-10,1993-10-02,1993-02-10,1993-10-02,BAC
11/02/1993,1993-02-11,1993-11-02,1993-02-11,1993-11-02,BAC
12/02/1993,1993-02-12,1993-12-02,1993-02-12,1993-12-02,BAC
16/02/1993,1993-02-16,,1993-02-16,,BAC
17/02/1993,1993-02-17,,1993-02-17,,BAC
18/02/1993,1993-02-18,,1993-02-18,,BAC
19/02/1993,1993-02-19,,1993-02-19,,BAC
22/02/1993,1993-02-22,,1993-02-22,,BAC
23/02/1993,1993-02-23,,1993-02-23,,BAC
24/02/1993,1993-02-24,,1993-02-24,,BAC
25/02/1993,1993-02-25,,1993-02-25,,BAC
26/02/1993,1993-02-26,,1993-02-26,,BAC
01/03/1993,1993-03-01,1993-01-03,1993-03-01,1993-01-03,BAC
02/03/1993,1993-03-02,1993-02-03,1993-03-02,1993-02-03,BAC
04/03/1993,1993-03-04,1993-04-03,1993-03-04,1993-04-03,BAC
05/03/1993,1993-03-05,1993-05-03,1993-03-05,1993-05-03,BAC
08/03/1993,1993-03-08,1993-08-03,1993-03-08,1993-08-03,BAC
09/03/1993,1993-03-09,1993-09-03,1993-03-09,1993-09-03,BAC
10/03/1993,1993-03-10,1993-10-03,1993-03-10,1993-10-03,BAC
11/03/1993,1993-03-11,1993-11-03,1993-03-11,1993-11-03,BAC
12/03/1993,1993-03-12,1993-12-03,1993-03-12,1993-12-03,BAC
15/03/1993,1993-03-15,,1993-03-15,,BAC
16/03/1993,1993-03-16,,1993-03-16,,BAC
17/03/1993,1993-03-17,,1993-03-17,,BAC
18/03/1993,1993-03-18,,1993-03-18,,BAC
19/03/1993,1993-03-19,,1993-03-19,,BAC
22/03/1993,1993-03-22,,1993-03-22,,BAC
23/03/1993,1993-03-23,,1993-03-23,,BAC
24/03/1993,1993-03-24,,1993-03-24,,BAC
25/03/1993,1993-03-25,,1993-03-25,,BAC
26/03/1993,1993-03-26,,1993-03-26,,BAC
29/03/1993,1993-03-29,,1993-03-29,,BAC
30/03/1993,1993-03-30,,1993-03-30,,BAC
31/03/1993,1993-03-31,,1993-03-31,,BAC
01/04/1993,1993-04-01,1993-01-04,1993-04-01,1993-01-04,BAC
02/04/1993,1993-04-02,1993-02-04,1993-04-02,1993-02-04,BAC
05/04/1993,1993-04-05,1993-05-04,1993-04-05,1993-05-04,BAC
06/04/1993,1993-04-06,1993-06-04,1993-04-06,1993-06-04,BAC
07/04/1993,1993-04-07,1993-07-04,1993-04-07,1993-07-04,BAC
08/04/1993,1993-04-08,1993-08-04,1993-04-08,1993-08-04,BAC
12/04/1993,1993-04-12,1993-12-04,1993-04-12,1993-12-04,BAC
13/04/1993,1993-04-13,,1993-04-13,,BAC
14/04/1993,1993-04-14,,1993-04-14,,BAC
15/04/1993,1993-04-15,,1993-04-15,,BAC
16/04/1993,1993-04-16,,1993-04-16,,BAC
19/04/1993,1993-04-19,,1993-04-19,,BAC
20/04/1993,1993-04-20,,1993-04-20,,BAC
21/04/1993,1993-04-21,,1993-04-21,,BAC
22/04/1993,1993-04-22,,1993-04-22,,BAC
23/04/1993,1993-04-23,,1993-04-23,,BAC
26/04/1993,1993-04-26,,1993-04-26,,BAC
27/04/1993,1993-04-27,,1993-04-27,,BAC
28/04/1993,1993-04-28,,1993-04-28,,BAC
29/04/1993,1993-04-29,,1993-04-29,,BAC
30/04/1993,1993-04-30,,1993-04-30,,BAC
03/05/1993,1993-05-03,1993-03-05,1993-05-03,1993-03-05,BAC
04/05/1993,1993-05-04,1993-04-05,1993-05-04,1993-04-05,BAC
06/05/1993,1993-05-06,1993-06-05,1993-05-06,1993-06-05,BAC
07/05/1993,1993-05-07,1993-07-05,1993-05-07,1993-07-05,BAC
10/05/1993,1993-05-10,1993-10-05,1993-05-10,1993-10-05,BAC
11/05/1993,1993-05-11,1993-11-05,1993-05-11,1993-11-05,BAC
12/05/1993,1993-05-12,1993-12-05,1993-05-12,1993-12-05,BAC
13/05/1993,1993-05-13,,1993-05-13,,BAC
14/05/1993,1993-05-14,,1993-05-14,,BAC
17/05/1993,1993-05-17,,1993-05-17,,BAC
18/05/1993,1993-05-18,,1993-05-18,,BAC
19/05/1993,1993-05-19,,1993-05-19,,BAC
20/05/1993,1993-05-20,,1993-05-20,,BAC
21/05/1993,1993-05-21,,1993-05-21,,BAC
24/05/1993,1993-05-24,,1993-05-24,,BAC
25/05/1993,1993-05-25,,1993-05-25,,BAC
26/05/1993,1993-05-26,,1993-05-26,,BAC
27/05/1993,1993-05-27,,1993-05-27,,BAC
28/05/1993,1993-05-28,,1993-05-28,,BAC
01/06/1993,1993-06-01,1993-01-06,1993-06-01,1993-01-06,BAC
02/06/1993,1993-06-02,1993-02-06,1993-06-02,1993-02-06,BAC
03/06/1993,1993-06-03,1993-03-06,1993-06-03,1993-03-06,BAC
04/06/1993,1993-06-04,1993-04-06,1993-06-04,1993-04-06,BAC
07/06/1993,1993-06-07,1993-07-06,1993-06-07,1993-07-06,BAC
08/06/1993,1993-06-08,1993-08-06,1993-06-08,1993-08-06,BAC
09/06/1993,1993-06-09,1993-09-06,1993-06-09,1993-09-06,BAC
10/06/1993,1993-06-10,1993-10-06,1993-06-10,1993-10-06,BAC
11/06/1993,1993-06-11,1993-11-06,1993-06-11,1993-11-06,BAC
14/06/1993,1993-06-14,,1993-06-14,,BAC
15/06/1993,1993-06-15,,1993-06-15,,BAC
16/06/1993,1993-06-16,,1993-06-16,,BAC
17/06/1993,1993-06-17,,1993-06-17,,BAC
18/06/1993,1993-06-18,,1993-06-18,,BAC
21/06/1993,1993-06-21,,1993-06-21,,BAC
22/06/1993,1993-06-22,,1993-06-22,,BAC
23/06/1993,1993-06-23,,1993-06-23,,BAC
24/06/1993,1993-06-24,,1993-06-24,,BAC
25/06/1993,1993-06-25,,1993-06-25,,BAC
28/06/1993,1993-06-28,,1993-06-28,,BAC
29/06/1993,1993-06-29,,1993-06-29,,BAC
30/06/1993,1993-06-30,,1993-06-30,,BAC
01/07/1993,1993-07-01,1993-01-07,1993-07-01,1993-01-07,BAC
02/07/1993,1993-07-02,1993-02-07,1993-07-02,1993-02-07,BAC
06/07/1993,1993-07-06,1993-06-07,1993-07-06,1993-06-07,BAC
08/07/1993,1993-07-08,1993-08-07,1993-07-08,1993-08-07,BAC
09/07/1993,1993-07-09,1993-09-07,1993-07-09,1993-09-07,BAC
12/07/1993,1993-07-12,1993-12-07,1993-07-12,1993-12-07,BAC
13/07/1993,1993-07-13,,1993-07-13,,BAC
14/07/1993,1993-07-14,,1993-07-14,,BAC
15/07/1993,1993-07-15,,1993-07-15,,BAC
16/07/1993,1993-07-16,,1993-07-16,,BAC
19/07/1993,1993-07-19,,1993-07-19,,BAC
20/07/1993,1993-07-20,,1993-07-20,,BAC
21/07/1993,1993-07-21,,1993-07-21,,BAC
22/07/1993,1993-07-22,,1993-07-22,,BAC
23/07/1993,1993-07-23,,1993-07-23,,BAC
26/07/1993,1993-07-26,,1993-07-26,,BAC
27/07/1993,1993-07-27,,1993-07-27,,BAC
28/07/1993,1993-07-28,,1993-07-28,,BAC
29/07/1993,1993-07-29,,1993-07-29,,BAC
30/07/1993,1993-07-30,,1993-07-30,,BAC
02/08/1993,1993-08-02,1993-02-08,1993-08-02,1993-02-08,BAC
03/08/1993,1993-08-03,1993-03-08,1993-08-03,1993-03-08,BAC
04/08/1993,1993-08-04,1993-04-08,1993-08-04,1993-04-08,BAC
05/08/1993,1993-08-05,1993-05-08,1993-08-05,1993-05-08,BAC
06/08/1993,1993-08-06,1993-06-08,1993-08-06,1993-06-08,BAC
09/08/1993,1993-08-09,1993-09-08,1993-08-09,1993-09-08,BAC
10/08/1993,1993-08-10,1993-10-08,1993-08-10,1993-10-08,BAC
11/08/1993,1993-08-11,1993-11-08,1993-08-11,1993-11-08,BAC
12/08/1993,1993-08-12,1993-12-08,1993-08-12,1993-12-08,BAC
13/08/1993,1993-08-13,,1993-08-13,,BAC
16/08/1993,1993-08-16,,1993-08-16,,BAC
17/08/1993,1993-08-17,,1993-08-17,,BAC
18/08/1993,1993-08-18,,1993-08-18,,BAC
19/08/1993,1993-08-19,,1993-08-19,,BAC
20/08/1993,1993-08-20,,1993-08-20,,BAC
23/08/1993,1993-08-23,,1993-08-23,,BAC
24/08/1993,1993-08-24,,1993-08-24,,BAC
25/08/1993,1993-08-25,,1993-08-25,,BAC
26/08/1993,1993-08-26,,1993-08-26,,BAC
27/08/1993,1993-08-27,,1993-08-27,,BAC
30/08/1993,1993-08-30,,1993-08-30,,BAC
31/08/1993,1993-08-31,,1993-08-31,,BAC
01/09/1993,1993-09-01,1993-01-09,1993-09-01,1993-01-09,BAC
02/09/1993,1993-09-02,1993-02-09,1993-09-02,1993-02-09,BAC
03/09/1993,1993-09-03,1993-03-09,1993-09-03,1993-03-09,BAC
07/09/1993,1993-09-07,1993-07-09,1993-09-07,1993-07-09,BAC
08/09/1993,1993-09-08,1993-08-09,1993-09-08,1993-08-09,BAC
10/09/1993,1993-09-10,1993-10-09,1993-09-10,1993-10-09,BAC
13/09/1993,1993-09-13,,1993-09-13,,BAC
14/09/1993,1993-09-14,,1993-09-14,,BAC
15/09/1993,1993-09-15,,1993-09-15,,BAC
16/09/1993,1993-09-16,,1993-09-16,,BAC
17/09/1993,1993-09-17,,1993-09-17,,BAC
20/09/1993,1993-09-20,,1993-09-20,,BAC
21/09/1993,1993-09-21,,1993-09-21,,BAC
22/09/1993,1993-09-22,,1993-09-22,,BAC
23/09/1993,1993-09-23,,1993-09-23,,BAC
24/09/1993,1993-09-24,,1993-09-24,,BAC
27/09/1993,1993-09-27,,1993-09-27,,BAC
28/09/1993,1993-09-28,,1993-09-28,,BAC
29/09/1993,1993-09-29,,1993-09-29,,BAC
30/09/1993,1993-09-30,,1993-09-30,,BAC
01/10/1993,1993-10-01,1993-01-10,1993-10-01,1993-01-10,BAC
04/10/1993,1993-10-04,1993-04-10,1993-10-04,1993-04-10,BAC
05/10/1993,1993-10-05,1993-05-10,1993-10-05,1993-05-10,BAC
06/10/1993,1993-10-06,1993-06-10,1993-10-06,1993-06-10,BAC
07/10/1993,1993-10-07,1993-07-10,1993-10-07,1993-07-10,BAC
08/10/1993,1993-10-08,1993-08-10,1993-10-08,1993-08-10,BAC
11/10/1993,1993-10-11,1993-11-10,1993-10-11,1993-11-10,BAC
12/10/1993,1993-10-12,1993-12-10,1993-10-12,1993-12-10,BAC
13/10/1993,1993-10-13,,1993-10-13,,BAC
14/10/1993,1993-10-14,,1993-10-14,,BAC
15/10/1993,1993-10-15,,1993-10-15,,BAC
18/10/1993,1993-10-18,,1993-10-18,,BAC
19/10/1993,1993-10-19,,1993-10-19,,BAC
20/10/1993,1993-10-20,,1993-10-20,,BAC
21/10/1993,1993-10-21,,1993-10-21,,BAC
22/10/1993,1993-10-22,,1993-10-22,,BAC
25/10/1993,1993-10-25,,1993-10-25,,BAC
26/10/1993,1993-10-26,,1993-10-26,,BAC
27/10/1993,1993-10-27,,1993-10-27,,BAC
28/10/1993,1993-10-28,,1993-10-28,,BAC
29/10/1993,1993-10-29,,1993-10-29,,BAC
01/11/1993,1993-11-01,1993-01-11,1993-11-01,1993-01-11,BAC
02/11/1993,1993-11-02,1993-02-11,1993-11-02,1993-02-11,BAC
03/11/1993,1993-11-03,1993-03-11,1993-11-03,1993-03-11,BAC
04/11/1993,1993-11-04,1993-04-11,1993-11-04,1993-04-11,BAC
05/11/1993,1993-11-05,1993-05-11,1993-11-05,1993-05-11,BAC
08/11/1993,1993-11-08,1993-08-11,1993-11-08,1993-08-11,BAC
09/11/1993,1993-11-09,1993-09-11,1993-11-09,1993-09-11,BAC
10/11/1993,1993-11-10,1993-10-11,1993-11-10,1993-10-11,BAC
12/11/1993,1993-11-12,1993-12-11,1993-11-12,1993-12-11,BAC
15/11/1993,1993-11-15,,1993-11-15,,BAC
16/11/1993,1993-11-16,,1993-11-16,,BAC
17/11/1993,1993-11-17,,1993-11-17,,BAC
18/11/1993,1993-11-18,,1993-11-18,,BAC
19/11/1993,1993-11-19,,1993-11-19,,BAC
22/11/1993,1993-11-22,,1993-11-22,,BAC
23/11/1993,1993-11-23,,1993-11-23,,BAC
24/11/1993,1993-11-24,,1993-11-24,,BAC
26/11/1993,1993-11-26,,1993-11-26,,BAC
29/11/1993,1993-11-29,,1993-11-29,,BAC
30/11/1993,1993-11-30,,1993-11-30,,BAC
01/12/1993,1993-12-01,1993-01-12,1993-12-01,1993-01-12,BAC
02/12/1993,1993-12-02,1993-02-12,1993-12-02,1993-02-12,BAC
03/12/1993,1993-12-03,1993-03-12,1993-12-03,1993-03-12,BAC
06/12/1993,1993-12-06,1993-06-12,1993-12-06,1993-06-12,BAC
07/12/1993,1993-12-07,1993-07-12,1993-12-07,1993-07-12,BAC
08/12/1993,1993-12-08,1993-08-12,1993-12-08,1993-08-12,BAC
09/12/1993,1993-12-09,1993-09-12,1993-12-09,1993-09-12,BAC
10/12/1993,1993-12-10,1993-10-12,1993-12-10,1993-10-12,BAC
13/12/1993,1993-12-13,,1993-12-13,,BAC
14/12/1993,1993-12-14,,1993-12-14,,BAC
15/12/1993,1993-12-15,,1993-12-15,,BAC
16/12/1993,1993-12-16,,1993-12-16,,BAC
17/12/1993,1993-12-17,,1993-12-17,,BAC
20/12/1993,1993-12-20,,1993-12-20,,BAC
21/12/1993,1993-12-21,,1993-12-21,,BAC
22/12/1993,1993-12-22,,1993-12-22,,BAC
23/12/1993,1993-12-23,,1993-12-23,,BAC
27/12/1993,1993-12-27,,1993-12-27,,BAC
28/12/1993,1993-12-28,,1993-12-28,,BAC
29/12/1993,1993-12-29,,1993-12-29,,BAC
30/12/1993,1993-12-30,,1993-12-30,,BAC
31/12/1993,1993-12-31,,1993-12-31,,BAC
04/01/1993,1993-01-04,1993-04-01,1993-01-04,1993-04-01,C
05/01/1993,1993-01-05,1993-05-01,1993-01-05,1993-05-01,C
06/01/1993,1993-01-06,1993-06-01,1993-01-06,1993-06-01,C
07/01/1993,1993-01-07,1993-07-01,1993-01-07,1993-07-01,C
08/01/1993,1993-01-08,1993-08-01,1993-01-08,1993-08-01,C
11/01/1993,1993-01-11,1993-11-01,1993-01-11,1993-11-01,C
12/01/1993,1993-01-12,1993-12-01,1993-01-12,1993-12-01,C
13/01/1993,1993-01-13,,1993-01-13,,C
14/01/1993,1993-01-14,,1993-01-14,,C
15/01/1993,1993-01-15,,1993-01-15,,C
18/01/1993,1993-01-18,,1993-01-18,,C
19/01/1993,1993-01-19,,1993-01-19,,C
20/01/1993,1993-01-20,,1993-01-20,,C
21/01/1993,1993-01-21,,1993-01-21,,C
22/01/1993,1993-01-22,,1993-01-22,,C
25/01/1993,1993-01-25,,1993-01-25,,C
26/01/1993,1993-01-26,,1993-01-26,,C
27/01/1993,1993-01-27,,1993-01-27,,C
28/01/1993,1993-01-28,,1993-01-28,,C
29/01/1993,1993-01-29,,1993-01-29,,C
01/02/1993,1993-02-01,1993-01-02,1993-02-01,1993-01-02,C
03/02/1993,1993-02-03,1993-03-02,1993-02-03,1993-03-02,C
04/02/1993,1993-02-04,1993-04-02,1993-02-04,1993-04-02,C
05/02/1993,1993-02-05,1993-05-02,1993-02-05,1993-05-02,C
08/02/1993,1993-02-08,1993-08-02,1993-02-08,1993-08-02,C
09/02/1993,1993-02-09,1993-09-02,1993-02-09,1993-09-02,C
10/02/1993,1993-02-10,1993-10-02,1993-02-10,1993-10-02,C
11/02/1993,1993-02-11,1993-11-02,1993-02-11,1993-11-02,C
12/02/1993,1993-02-12,1993-12-02,1993-02-12,1993-12-02,C
16/02/1993,1993-02-16,,1993-02-16,,C
17/02/1993,1993-02-17,,1993-02-17,,C
18/02/1993,1993-02-18,,1993-02-18,,C
19/02/1993,1993-02-19,,1993-02-19,,C
22/02/1993,1993-02-22,,1993-02-22,,C
23/02/1993,1993-02-23,,1993-02-23,,C
24/02/1993,1993-02-24,,1993-02-24,,C
25/02/1993,1993-02-25,,1993-02-25,,C
26/02/1993,1993-02-26,,1993-02-26,,C
01/03/1993,1993-03-01,1993-01-03,1993-03-01,1993-01-03,C
02/03/1993,1993-03-02,1993-02-03,1993-03-02,1993-02-03,C
04/03/1993,1993-03-04,1993-04-03,1993-03-04,1993-04-03,C
05/03/1993,1993-03-05,1993-05-03,1993-03-05,1993-05-03,C
08/03/1993,1993-03-08,1993-08-03,1993-03-08,1993-08-03,C
09/03/1993,1993-03-09,1993-09-03,1993-03-09,1993-09-03,C
10/03/1993,1993-03-10,1993-10-03,1993-03-10,1993-10-03,C
11/03/1993,1993-03-11,1993-11-03,1993-03-11,1993-11-03,C
12/03/1993,1993-03-12,1993-12-03,1993-03-12,1993-12-03,C
15/03/1993,1993-03-15,,1993-03-15,,C
16/03/1993,1993-03-16,,1993-03-16,,C
17/03/1993,1993-03-17,,1993-03-17,,C
18/03/1993,1993-03-18,,1993-03-18,,C
19/03/1993,1993-03-19,,1993-03-19,,C
22/03/1993,1993-03-22,,1993-03-22,,C
23/03/1993,1993-03-23,,1993-03-23,,C
24/03/1993,1993-03-24,,1993-03-24,,C
25/03/1993,1993-03-25,,1993-03-25,,C
26/03/1993,1993-03-26,,1993-03-26,,C
29/03/1993,1993-03-29,,1993-03-29,,C
30/03/1993,1993-03-30,,1993-03-30,,C
31/03/1993,1993-03-31,,1993-03-31,,C
01/04/1993,1993-04-01,1993-01-04,1993-04-01,1993-01-04,C
02/04/1993,1993-04-02,1993-02-04,1993-04-02,1993-02-04,C
05/04/1993,1993-04-05,1993-05-04,1993-04-05,1993-05-04,C
06/04/1993,1993-04-06,1993-06-04,1993-04-06,1993-06-04,C
07/04/1993,1993-04-07,1993-07-04,1993-04-07,1993-07-04,C
08/04/1993,1993-04-08,1993-08-04,1993-04-08,1993-08-04,C
12/04/1993,1993-04-12,1993-12-04,1993-04-12,1993-12-04,C
13/04/1993,1993-04-13,,1993-04-13,,C
14/04/1993,1993-04-14,,1993-04-14,,C
