source_file,source_relative_path,sample_row_number,date,symbol,QTime_1pm,BB_1pm,BO_1pm,MID_1pm,QTime_c1,BB_c1,BO_c1,Mid_c1,QTime_4pm,BB_4pm,BO_4pm,Mid_4pm,LQTime,LBB,LBO,LMid,OTime,OPrice,DTime,DPrice,Vol_oc,Value_oc,LTTime,LPrice,TTime_1pm,Price_1pm,TTime_4pm,Price_4pm,CPrc,CTime,CPrc2,CTime2,Ret_pre_t,Ret_mkt_t,Ret_post_t,MFCount,NumTrades_t,NumTrades_m,SumVolume_t,SumVolume_m,SumValue_b,SumValue_m,NumISOTrades_m,SumISOVolume_m,SumISOValue_m,NumOddLotTrades_m,SumOddLotVolume_m,SumOddLotValue_m,NumMixedLotTrades_m,SumMixedLotVolume_m,SumMixedLotValue_m,BuyNumTrades_LR1,SellNumTrades_LR1,BuyVol_LR1,SellVol_LR1,BuyDollar_LR1,SellDollar_LR1,ESpreadDollar_Avg1,ESpreadPct_Avg1,RSpreadDollar_Avg1,RSpreadPct_Avg1,PriceImpactDollar_Avg1,PriceImpactPct_Avg1,ESpreadDollar_VW1,ESpreadDollar_SW1,ESpreadPct_VW1,ESpreadPct_SW1,RSpreadDollar_SW1,RSpreadDollar_VW1,RSpreadPct_SW1,RSpreadPct_VW1,PriceImpactDollar_VW1,PriceImpactDollar_SW1,PriceImpactPct_VW1,PriceImpactPct_SW1,IVol_t_m,IVol_q_m,NumExtremeOfr_m,NumExtremeBid_m,QSpreadDollar_EW_m,QSpreadPct_EW_m,QSpreadDollar_TW_m,QSpreadPct_TW_m,TOfrDollar_TW_m,TBidDollar_TW_m,TOfrShares_TW_m,TBidShares_TW_m,BOfrDollar_TW_m,BBidDollar_TW_m,BOfrShares_TW_m,BBidShares_TW_m,VarianceRatio1,VarianceRatio2,TSignSqrtDVol1,TSignSqrtDVol2,NObsUsed1,NObsUsed2,NumTimeUnitsWithTrade1,NumTimeUnitsWithTrade2,HIndex1
taq.csv,data\raw\taq\taq.csv,1,06/04/1993,AAPL,12:03:44,49.25,49.5,49.375,15:56:23,48.75,49.0,48.875,15:56:23,48.75,49.0,48.875,15:56:23,48.75,49.0,48.875,9:30:06,50.0,15:59:59,49.0,1484800,73357750.0,16:26:12,48.875,12:59:57,49.5,15:59:59,49.0,49.0,15:59:59,49.0,15:59:59,,-0.020202707,,12,1032,1019,1503300,1484800,0.0,73357750.0,0,0,0,0,0,0,0,0,0,527,505,651000,852300,32242250.0,42018362.5,0.2040939922,0.0041327556,0.160125969,0.0032430455,0.0439680233,0.0008897101,0.2279948539,0.2277156921,0.0046122223,0.0046068786,0.1747738309,0.1752333084,0.0035334201,0.0035424823,0.0527615455,0.0529418612,2.17306e-05,0.0528434422,9.5388327e-06,4.1488877e-06,,,0.25,0.0050789394,0.25,0.0050789394,49347.826087,49097.826087,1000.0,1000.0,49347.826087,49097.826087,1000.0,1000.0,0.1643831037,0.2057281433,6.5763745e-07,5.9421655e-07,78,82,13,78,0.0957944106
taq.csv,data\raw\taq\taq.csv,2,07/04/1993,AAPL,12:26:42,48.75,49.0,48.875,15:55:10,50.25,50.5,50.375,15:55:10,50.25,50.5,50.375,15:55:10,50.25,50.5,50.375,9:30:10,49.0,15:59:58,50.5,1377300,67990562.5,16:26:31,50.75,12:59:36,48.875,15:59:58,50.5,50.5,15:59:58,50.5,15:59:58,,0.0301530382,,23,922,901,1454000,1377300,0.0,67990562.5,0,0,0,0,0,0,0,0,0,560,362,816300,637700,40470150.0,31402987.5,0.2521691974,0.0051124212,0.1849240781,0.0037582517,0.0672451193,0.0013541695,0.2425165452,0.2423314993,0.0049056883,0.0049027945,0.1695323246,0.1693561711,0.0034379655,0.0034338211,0.0731603741,0.0727991747,2.96336e-05,0.0727563338,1.66082e-05,5.6482766e-06,,,0.34375,0.0069361772,0.34375,0.0069361772,49750.0,49406.25,1000.0,1000.0,49750.0,49406.25,1000.0,1000.0,0.004878209,0.1133262606,8.182826e-07,7.5854666e-07,78,84,13,78,0.1173508842
taq.csv,data\raw\taq\taq.csv,3,08/04/1993,AAPL,12:48:23,49.25,49.5,49.375,14:53:33,49.5,49.75,49.625,14:53:33,49.5,49.75,49.625,14:53:33,49.5,49.75,49.625,9:30:06,50.0,15:59:35,49.75,1449700,72228875.0,17:00:19,50.25,12:59:56,49.5,15:59:35,49.75,49.75,15:59:35,49.75,15:59:35,,-0.005012542,0.0100000833,22,776,769,1459200,1449700,0.0,72228875.0,0,0,0,0,0,0,0,0,0,401,375,700800,758400,34983112.5,37716750.0,0.2319587629,0.0046625858,0.1791237113,0.0036011008,0.0528350515,0.001061485,0.2405682421,0.2404057018,0.0048263793,0.0048232744,0.1872601425,0.1876902621,0.0037553259,0.0037638538,0.05287798,0.0531455592,2.14354e-05,0.0529368578,1.32906e-05,6.1903828e-06,,,0.3190789474,0.0064156748,0.3190789474,0.0064156748,49881.578947,49569.078947,1000.0,1000.0,49881.578947,49569.078947,1000.0,1000.0,0.1590614635,0.0303142674,3.3933118e-07,3.3206207e-07,78,79,13,78,0.1128037054
taq.csv,data\raw\taq\taq.csv,4,12/04/1993,AAPL,11:46:35,50.0,50.25,50.125,15:50:31,50.0,50.5,50.25,15:50:31,50.0,50.5,50.25,15:50:31,50.0,50.5,50.25,9:30:07,49.5,15:59:44,50.0,702100,35270500.0,16:35:53,50.25,12:59:25,50.125,15:59:44,50.0,50.0,15:59:44,50.0,15:59:44,,0.0100503359,,15,661,641,830800,702100,0.0,35270500.0,0,0,0,0,0,0,0,0,0,362,299,368400,462400,18512162.5,23193887.5,0.2647503782,0.0052775591,0.1868381241,0.003728264,0.0779122542,0.0015492951,0.2785184194,0.2788577275,0.0055496255,0.0055565123,0.2080524795,0.2075638606,0.0041469827,0.0041371628,0.0709545588,0.070805248,2.80784e-05,0.0709054405,1.724e-05,6.2382575e-06,,,0.3,0.0059655181,0.3,0.0059655181,50450.0,50150.0,1000.0,1000.0,50450.0,50150.0,1000.0,1000.0,0.1029160851,0.4801461632,1.2427063e-06,1.232305e-06,76,81,13,76,0.1251451086
taq.csv,data\raw\taq\taq.csv,5,13/04/1993,AAPL,12:28:16,50.75,51.0,50.875,15:59:18,48.5,48.75,48.625,15:59:18,48.5,48.75,48.625,15:59:18,48.5,48.75,48.625,9:30:03,50.5,15:59:57,48.25,1402900,70449200.0,16:23:53,49.125,12:58:26,50.75,15:59:57,48.25,48.25,15:59:57,48.25,15:59:57,,-0.045577508,,50,1037,987,1468600,1402900,0.0,70449200.0,0,0,0,0,0,0,0,0,0,532,505,649200,819400,32724925.0,40913662.5,0.2404773385,0.0047963703,0.2021456123,0.004030322,0.0383317261,0.0007660483,0.2373502972,0.2375136184,0.004737534,0.0047418913,0.2186606292,0.2193484836,0.0043522188,0.0043650361,0.0180018136,0.0188529892,7.7713755e-06,0.0186778017,1.29672e-05,4.9747548e-06,,,0.3051470588,0.0060930079,0.2992424242,0.0059730889,50250.0,49950.757576,1000.0,1000.0,50250.0,49950.757576,1000.0,1000.0,0.2118603849,0.2297725199,8.3516737e-07,7.3228144e-07,78,83,13,78,0.1065996947
taq.csv,data\raw\taq\taq.csv,6,14/04/1993,AAPL,12:07:03,48.0,48.25,48.125,14:18:15,48.5,48.75,48.625,14:18:15,48.5,48.75,48.625,14:18:15,48.5,48.75,48.625,9:30:03,48.25,15:59:30,48.75,1424100,68671012.5,16:35:38,48.5,12:59:04,48.0,15:59:30,48.75,48.75,15:59:30,48.75,15:59:30,,0.0103093697,,47,1087,1065,1518400,1424100,0.0,68671012.5,0,0,0,0,0,0,0,0,0,675,412,782100,736300,37793125.0,35457650.0,0.2332106716,0.0048404441,0.2049218031,0.0042530382,0.0282888684,0.0005874058,0.2001381982,0.2001942835,0.0041507024,0.0041520168,0.1492031085,0.1491970989,0.0030935364,0.0030932831,0.0509410993,0.0509911749,2.1941e-05,0.0510121086,1.2976e-05,6.2313671e-06,,,0.3088235294,0.0064119395,0.3088235294,0.0064119395,48338.235294,48029.411765,1000.0,1000.0,48338.235294,48029.411765,1000.0,1000.0,0.2672723961,0.0864709576,9.9339103e-07,9.8334371e-07,78,84,13,78,0.1114496584
taq.csv,data\raw\taq\taq.csv,7,15/04/1993,AAPL,12:40:20,47.5,47.75,47.625,15:59:22,47.0,47.25,47.125,15:59:22,47.0,47.25,47.125,15:59:22,47.0,47.25,47.125,9:30:03,48.25,15:59:53,47.0,1835000,87419037.5,17:13:00,47.25,12:59:21,47.75,15:59:53,47.0,47.0,15:59:53,47.0,15:59:53,,-0.026248226,0.0053050522,60,1448,1372,1952700,1835000,0.0,87419037.5,0,0,0,0,0,0,0,0,0,837,611,949600,1003100,45290762.5,47667137.5,0.2481008287,0.0052194369,0.1723066298,0.0036230927,0.0757941989,0.0015963442,0.2281432643,0.2284529114,0.004798021,0.0048048075,0.1679341425,0.1677918176,0.0035303167,0.0035271194,0.0603514467,0.0605187689,2.67723e-05,0.0605010235,1.33943e-05,7.2321997e-06,,,0.3305084746,0.0069410609,0.3305084746,0.0069410609,47805.084746,47474.576271,1000.0,1000.0,47805.084746,47474.576271,1000.0,1000.0,0.0638650737,0.2126761864,7.7104601e-07,7.7092404e-07,78,86,13,78,0.1206878604
taq.csv,data\raw\taq\taq.csv,8,16/04/1993,AAPL,11:32:22,47.75,48.0,47.875,15:21:38,48.0,48.25,48.125,15:21:38,48.0,48.25,48.125,15:21:38,48.0,48.25,48.125,9:30:02,48.25,15:59:56,48.25,6093800,293522262.5,17:04:04,48.0,12:59:43,47.75,15:59:56,48.25,48.25,15:59:56,48.25,15:59:56,0.0209431738,0.0,-0.005194817,63,2182,2157,6132100,6093800,472500.0,293522262.5,0,0,0,0,0,0,0,0,0,1420,761,2906400,3215700,140243700.0,154643650.0,0.2173314993,0.0045131587,0.1858092618,0.0038608508,0.0315222375,0.0006523078,0.2368196689,0.2367174377,0.0049143547,0.0049123553,0.2057207156,0.2057579297,0.0042713403,0.0042720131,0.0310617392,0.0309967222,1.33084e-05,0.0309391407,1.10346e-05,6.5866909e-06,,,0.2980769231,0.0061846778,0.2980769231,0.0061846778,48326.923077,48028.846154,1000.0,1000.0,48326.923077,48028.846154,1000.0,1000.0,0.1143795752,0.0793908101,2.2750376e-08,2.2454597e-08,78,84,13,78,0.1623296621
taq.csv,data\raw\taq\taq.csv,9,19/04/1993,AAPL,12:01:20,48.25,48.5,48.375,15:40:50,48.25,48.5,48.375,15:40:50,48.25,48.5,48.375,15:40:50,48.25,48.5,48.375,9:30:10,48.5,15:59:56,48.375,1892400,92003237.5,16:24:48,48.5,12:58:59,48.5,15:59:56,48.375,48.375,15:59:56,48.375,15:59:56,,-0.002580647,,22,1012,993,2034500,1892400,0.0,92003237.5,0,0,0,0,0,0,0,0,0,612,400,846300,1188200,41225787.5,57636737.5,0.209486166,0.0043089074,0.1803359684,0.0037100702,0.0291501976,0.0005988371,0.209981076,0.2099655935,0.0043202008,0.0043199635,0.1752764807,0.1752149007,0.0036074192,0.0036060866,0.0347661753,0.0346891128,1.46635e-05,0.0347009727,1.162e-05,7.0313704e-06,,,0.265625,0.00545462,0.265625,0.00545462,48812.5,48546.875,1000.0,1000.0,48812.5,48546.875,1000.0,1000.0,0.1309877317,0.2361796797,2.5643247e-07,2.5916249e-07,78,83,13,78,0.1014087014
taq.csv,data\raw\taq\taq.csv,10,20/04/1993,AAPL,12:05:15,48.5,48.75,48.625,15:53:36,50.0,50.25,50.125,15:53:36,50.0,50.25,50.125,15:53:36,50.0,50.25,50.125,9:30:26,48.75,15:59:49,50.0,2086500,102096112.5,16:38:09,48.75,12:59:50,48.625,15:59:49,50.0,50.0,15:59:49,50.0,15:59:49,,0.025317808,,21,1055,1037,2143300,2086500,0.0,102096112.5,0,0,0,0,0,0,0,0,0,622,433,1054500,1088800,51700087.5,53191162.5,0.2170616114,0.004426786,0.1678909953,0.0034310604,0.0491706161,0.0009957256,0.2284893431,0.2285494331,0.004656988,0.0046586064,0.2047893435,0.2044099246,0.0041769992,0.0041690303,0.0240794186,0.0237600896,9.8409423e-06,0.0238802261,1.14377e-05,4.8928561e-06,,,0.3060344828,0.0062325444,0.3060344828,0.0062325444,49232.758621,48926.724138,1000.0,1000.0,49232.758621,48926.724138,1000.0,1000.0,0.2981454218,0.2576078076,5.4503634e-07,5.3496869e-07,78,82,13,78,0.0969570451
taq.csv,data\raw\taq\taq.csv,11,21/04/1993,AAPL,12:09:32,50.0,50.25,50.125,15:49:48,49.5,49.75,49.625,15:49:48,49.5,49.75,49.625,15:49:48,49.5,49.75,49.625,9:30:05,50.25,15:59:14,49.75,1792500,89718087.5,16:26:59,49.5,12:57:59,50.25,15:59:14,49.75,49.75,15:59:14,49.75,15:59:14,,-0.010000083,,26,1001,974,1832800,1792500,0.0,89718087.5,0,0,0,0,0,0,0,0,0,508,493,814000,1018800,40777062.5,50939700.0,0.2214035964,0.0044223218,0.1366133866,0.0027244321,0.0847902098,0.0016978897,0.2077274145,0.2075990288,0.0041494859,0.0041471003,0.1354757748,0.1358145274,0.002702271,0.0027088899,0.0719128871,0.072123254,2.88724e-05,0.0720901371,1.15512e-05,5.8102077e-06,,,0.306547619,0.0061312589,0.306547619,0.0061312589,50139.880952,49833.333333,1000.0,1000.0,50139.880952,49833.333333,1000.0,1000.0,0.2064981637,0.2078102596,6.4658679e-07,6.1675853e-07,77,83,13,77,0.1244686505
taq.csv,data\raw\taq\taq.csv,12,22/04/1993,AAPL,12:51:27,50.0,50.5,50.25,15:52:02,49.5,50.0,49.75,15:52:02,49.5,50.0,49.75,15:52:02,49.5,50.0,49.75,9:30:02,49.25,15:58:57,50.0,1389900,69223362.5,16:29:17,49.75,12:58:33,50.5,15:58:57,50.0,50.0,15:58:57,50.0,15:58:57,,0.0151136378,,8,734,711,1407800,1389900,0.0,69223362.5,0,0,0,0,0,0,0,0,0,434,300,800700,607100,39947662.5,30167137.5,0.238760218,0.0047921467,0.1798365123,0.0036107605,0.0589237057,0.0011813862,0.2292554496,0.2294715158,0.0046068055,0.004611302,0.1856265094,0.1851740824,0.0037329674,0.0037237477,0.0440813673,0.0438450064,1.76356e-05,0.0439802667,1.19592e-05,6.4208279e-06,,,0.2983870968,0.0059788824,0.2983870968,0.0059788824,50064.516129,49766.129032,1000.0,1000.0,50064.516129,49766.129032,1000.0,1000.0,0.142275445,0.1868516907,3.4295745e-07,3.2760386e-07,78,83,13,78,0.1135234926
taq.csv,data\raw\taq\taq.csv,13,23/04/1993,AAPL,12:55:56,49.5,49.75,49.625,15:59:58,49.0,49.5,49.25,15:59:58,49.0,49.5,49.25,15:59:58,49.0,49.5,49.25,9:30:05,49.75,15:59:42,49.0,1168000,57934837.5,16:18:13,49.5,12:59:59,49.5,15:59:42,49.0,49.0,15:59:42,49.0,15:59:42,,-0.015190165,,13,751,732,1197700,1168000,0.0,57934837.5,0,0,0,0,0,0,0,0,0,404,347,633700,564000,31461300.0,27935612.5,0.2133821571,0.0043047534,0.1571238349,0.0031660204,0.0562583222,0.001138733,0.1980402811,0.1980775653,0.0039955788,0.0039965311,0.1452784504,0.1455532306,0.0029248243,0.0029302508,0.0524870506,0.052799115,2.16103e-05,0.0528322569,9.8125304e-06,5.8684658e-06,,,0.2931034483,0.0059385809,0.2931034483,0.0059385809,49543.103448,49250.0,1000.0,1000.0,49543.103448,49250.0,1000.0,1000.0,0.3472332554,0.1079820345,8.5240743e-07,8.5822886e-07,78,82,13,78,0.0962759878
taq.csv,data\raw\taq\taq.csv,14,26/04/1993,AAPL,12:18:13,49.25,49.5,49.375,15:54:55,48.75,49.25,49.0,15:54:55,48.75,49.25,49.0,15:54:55,48.75,49.25,49.0,9:30:14,49.25,15:58:53,49.25,905000,44414900.0,16:36:09,49.0,12:57:39,49.25,15:58:53,49.25,49.25,15:58:53,49.25,15:58:53,0.0,0.0,,6,604,594,917900,905000,73875.0,44414900.0,0,0,0,0,0,0,0,0,0,326,278,494900,423000,24321087.5,20724850.0,0.2193708609,0.0044642104,0.1659768212,0.0033768055,0.0533940397,0.0010874049,0.2086768368,0.2085739187,0.0042485737,0.0042466203,0.1429894324,0.1430316274,0.0029116098,0.0029123726,0.0656452094,0.0655844863,2.72035e-05,0.065574062,1.35447e-05,6.768047e-06,,,0.3095238095,0.0062899347,0.3095238095,0.0062899347,49333.333333,49023.809524,1000.0,1000.0,49333.333333,49023.809524,1000.0,1000.0,0.2986459971,0.0664221739,9.297304e-07,9.444294e-07,76,82,13,76,0.1133539601
taq.csv,data\raw\taq\taq.csv,15,27/04/1993,AAPL,12:47:43,49.75,50.0,49.875,15:55:36,50.0,50.25,50.125,15:55:36,50.0,50.25,50.125,15:55:36,50.0,50.25,50.125,9:30:18,48.75,15:58:20,50.25,1130300,56041525.0,16:11:31,50.125,12:59:57,49.75,15:58:20,50.25,50.25,15:58:20,50.25,15:58:20,,0.0303053495,,12,693,681,1157800,1130300,0.0,56041525.0,0,0,0,0,0,0,0,0,0,388,305,674000,483800,33480537.5,23942225.0,0.2180735931,0.004394372,0.1738816739,0.003503757,0.0441919192,0.000890615,0.2013015962,0.2014596649,0.0040609025,0.004064319,0.1579936086,0.1578496419,0.0031881764,0.0031850824,0.0434519543,0.0434660563,1.76654e-05,0.0434375664,1.33574e-05,5.9033077e-06,,,0.3262195122,0.0065821864,0.3262195122,0.0065821864,49704.268293,49378.04878,1000.0,1000.0,49704.268293,49378.04878,1000.0,1000.0,0.0007198019,0.273208164,9.4268823e-07,8.7607438e-07,76,79,13,76,0.0906303841
taq.csv,data\raw\taq\taq.csv,16,28/04/1993,AAPL,11:59:59,50.5,50.75,50.625,15:40:26,51.25,51.5,51.375,15:40:26,51.25,51.5,51.375,15:40:26,51.25,51.5,51.375,9:30:04,49.75,15:59:39,51.25,1447900,73918012.5,16:17:09,52.0,12:59:05,50.5,15:59:39,51.25,51.25,15:59:39,51.25,15:59:39,,0.0297051544,,25,919,912,1457500,1447900,0.0,73918012.5,0,0,0,0,0,0,0,0,0,475,444,822900,634600,42099537.5,32312675.0,0.2142274211,0.0042008148,0.1618607182,0.0031740494,0.0523667029,0.0010267654,0.2482792643,0.2480102916,0.0048602504,0.0048556321,0.184271012,0.1843743475,0.0036100991,0.0036116146,0.0639049168,0.0637392796,2.43961e-05,0.0637487148,1.23389e-05,5.3395251e-06,,,0.3141025641,0.0061607138,0.3141025641,0.0061607138,51179.487179,50865.384615,1000.0,1000.0,51179.487179,50865.384615,1000.0,1000.0,0.1888637983,0.1667766574,3.5103046e-07,3.0967157e-07,78,81,13,78,0.0935654418
taq.csv,data\raw\taq\taq.csv,17,29/04/1993,AAPL,12:55:52,50.25,50.75,50.5,14:58:56,50.75,51.0,50.875,14:58:56,50.75,51.0,50.875,14:58:56,50.75,51.0,50.875,9:30:02,51.5,15:59:40,50.75,732300,37186725.0,16:23:01,50.75,12:58:12,50.25,15:59:40,50.75,50.75,15:59:40,50.75,15:59:40,,-0.01467019,,6,533,527,736100,732300,0.0,37186725.0,0,0,0,0,0,0,0,0,0,268,265,414900,321200,21079812.5,16300150.0,0.2096622889,0.0041272446,0.1566604128,0.0030827414,0.0530018762,0.0010445032,0.1969369786,0.1969841054,0.0038796723,0.0038807458,0.1506588779,0.1506559163,0.0029667485,0.002966556,0.0462810623,0.0463252276,1.79988e-05,0.0463690421,1.24334e-05,5.8586221e-06,,,0.3522727273,0.0069317162,0.3522727273,0.0069317162,51003.787879,50651.515152,1000.0,1000.0,51003.787879,50651.515152,1000.0,1000.0,0.1469698451,0.0001744749,4.9991566e-07,5.2990741e-07,76,78,13,76,0.0949359697
taq.csv,data\raw\taq\taq.csv,18,30/04/1993,AAPL,12:57:37,52.0,52.5,52.25,15:47:22,51.25,51.5,51.375,15:47:22,51.25,51.5,51.375,15:47:22,51.25,51.5,51.375,9:30:02,50.75,15:59:51,51.375,1161700,60282937.5,16:38:33,52.25,12:59:06,52.0,15:59:51,51.375,51.375,15:59:51,51.375,15:59:51,,0.0122400549,,20,815,793,1181600,1161700,0.0,60282937.5,0,0,0,0,0,0,0,0,0,431,384,687500,494100,35722637.5,25583762.5,0.2506134969,0.0048333078,0.1957055215,0.0037747696,0.0549079755,0.0010585382,0.2286293213,0.228397935,0.0044057619,0.0044014764,0.142074306,0.1420818218,0.0027404117,0.0027404323,0.0865474995,0.086323629,3.20148e-05,0.0864043335,1.45211e-05,5.900655e-06,,,0.3532608696,0.0068127649,0.3532608696,0.0068127649,52010.869565,51657.608696,1000.0,1000.0,52010.869565,51657.608696,1000.0,1000.0,0.0471262071,0.0424391068,1.33685e-06,1.3388245e-06,77,81,13,77,0.1427296131
taq.csv,data\raw\taq\taq.csv,19,03/05/1993,AAPL,12:56:30,51.5,51.75,51.625,15:40:22,51.75,52.0,51.875,15:40:22,51.75,52.0,51.875,15:40:22,51.75,52.0,51.875,9:30:04,51.25,15:59:58,51.875,577200,29683850.0,16:26:23,51.875,12:59:20,51.75,15:59:58,51.875,51.875,15:59:58,51.875,15:59:58,,0.0121213605,,4,500,492,582000,577200,0.0,29683850.0,0,0,0,0,0,0,0,0,0,244,256,300600,281400,15487212.5,14445600.0,0.243,0.0047236242,0.2035,0.0039560467,0.0395,0.0007675775,0.2259831915,0.2259450172,0.0043951652,0.0043944869,0.1723367698,0.1722635068,0.0033526262,0.0033511497,0.0537196847,0.0536082474,2.02575e-05,0.0536947084,1.25033e-05,5.9756792e-06,,,0.3522727273,0.0068430308,0.3522727273,0.0068430308,51636.363636,51284.090909,1000.0,1000.0,51636.363636,51284.090909,1000.0,1000.0,0.0105531436,0.1946034115,1.4682852e-07,1.4992903e-07,77,82,13,77,0.1017892189
taq.csv,data\raw\taq\taq.csv,20,04/05/1993,AAPL,12:34:17,53.75,54.0,53.875,15:48:18,53.25,53.5,53.375,15:48:18,53.25,53.5,53.375,15:48:18,53.25,53.5,53.375,9:30:03,52.25,15:59:09,53.5,1493700,79597600.0,16:47:14,53.875,12:59:55,54.0,15:59:09,53.5,53.5,15:59:09,53.5,15:59:09,,0.0236417631,,27,1047,1023,1535200,1493700,0.0,79597600.0,0,0,0,0,0,0,0,0,0,504,543,875900,659300,46720625.0,35097950.0,0.2311365807,0.0043370709,0.1633237822,0.0030690619,0.0678127985,0.001268009,0.2238099661,0.2240587546,0.0042028416,0.0042080957,0.1345264461,0.1343060699,0.002527917,0.0025233906,0.0895038963,0.0895323085,3.1526e-05,0.0895064411,1.36305e-05,5.4248061e-06,,,0.3095238095,0.0058061647,0.3095238095,0.0058061647,53476.190476,53166.666667,1000.0,1000.0,53476.190476,53166.666667,1000.0,1000.0,0.1858918899,0.2763333317,6.9440145e-07,6.5104805e-07,78,82,13,78,0.099008394
taq.csv,data\raw\taq\taq.csv,21,05/05/1993,AAPL,12:48:02,55.0,55.25,55.125,15:34:44,54.5,54.75,54.625,15:34:44,54.5,54.75,54.625,15:34:44,54.5,54.75,54.625,9:30:04,53.0,15:59:53,54.75,2206100,120614050.0,16:14:15,54.5,12:59:39,54.5,15:59:53,54.75,54.75,15:59:53,54.75,15:59:53,-0.004705891,0.0324854551,,27,1130,1112,2259500,2206100,371500.0,120614050.0,0,0,0,0,0,0,0,0,0,532,598,1176800,1082700,64458450.0,59065875.0,0.235840708,0.0043265492,0.1667035398,0.003054816,0.0691371681,0.0012717332,0.2196365346,0.2199933614,0.0040230763,0.0040302756,0.1991148484,0.1992820291,0.0036380451,0.0036404332,0.0203545056,0.0208785129,7.1746568e-06,0.0209186649,1.22519e-05,5.0444372e-06,,,0.3020833333,0.0055476417,0.3020833333,0.0055476417,54618.055556,54315.972222,1000.0,1000.0,54618.055556,54315.972222,1000.0,1000.0,0.1612693397,0.1969937026,1.2405756e-07,1.2067009e-07,77,83,13,77,0.0944858109
taq.csv,data\raw\taq\taq.csv,22,06/05/1993,AAPL,12:18:39,53.5,53.75,53.625,15:41:13,53.5,54.0,53.75,15:41:13,53.5,54.0,53.75,15:41:13,53.5,54.0,53.75,9:30:03,54.5,15:59:16,54.0,612300,33058525.0,17:07:22,54.375,12:59:32,53.5,15:59:16,54.0,54.0,15:59:16,54.0,15:59:16,,-0.009216655,0.0069204428,12,554,542,629100,612300,0.0,33058525.0,0,0,0,0,0,0,0,0,0,291,263,374400,254700,20245200.0,13718937.5,0.2396209386,0.0044393755,0.1741877256,0.0032280259,0.065433213,0.0012113496,0.2308185546,0.2307661739,0.0042764045,0.0042755627,0.1666666667,0.1668414221,0.0030879235,0.0030910424,0.0639771325,0.0640995072,2.1998e-05,0.0639958676,1.262e-05,5.8136213e-06,,,0.3125,0.0057914019,0.3125,0.0057914019,54133.928571,53821.428571,1000.0,1000.0,54133.928571,53821.428571,1000.0,1000.0,0.2033554003,0.115152286,1.4614238e-06,1.6078784e-06,75,80,13,75,0.1120235308
taq.csv,data\raw\taq\taq.csv,23,07/05/1993,AAPL,12:43:00,54.25,54.5,54.375,15:52:40,54.5,54.75,54.625,15:52:40,54.5,54.75,54.625,15:52:40,54.5,54.75,54.625,9:30:01,53.5,15:59:39,54.5,709200,38556225.0,16:14:49,54.5,12:59:33,54.25,15:59:39,54.5,54.5,15:59:39,54.5,15:59:39,,0.0185190478,,7,558,537,731200,709200,0.0,38556225.0,0,0,0,0,0,0,0,0,0,285,273,407500,323700,22198925.0,17557650.0,0.2468637993,0.0045510699,0.2096774194,0.0038647037,0.0371863799,0.0006863662,0.2266313025,0.2267163567,0.004170151,0.0041718835,0.1924234136,0.1923417699,0.0035402893,0.0035386392,0.0342895326,0.0342929431,1.16162e-05,0.0343363599,1.38664e-05,5.0217359e-06,,,0.3369565217,0.0062053759,0.3369565217,0.0062053759,54489.130435,54152.173913,1000.0,1000.0,54489.130435,54152.173913,1000.0,1000.0,0.0826731894,0.006998934,-6.521725e-08,-1.137858e-07,76,79,13,76,0.0970377978
taq.csv,data\raw\taq\taq.csv,24,10/05/1993,AAPL,12:47:23,55.25,55.5,55.375,15:49:59,55.0,55.25,55.125,15:49:59,55.0,55.25,55.125,15:49:59,55.0,55.25,55.125,9:30:05,55.0,15:59:07,55.0,1202500,66508400.0,16:20:22,55.25,12:59:46,55.25,15:59:07,55.0,55.0,15:59:07,55.0,15:59:07,,0.0,,29,856,837,1231500,1202500,0.0,66508400.0,0,0,0,0,0,0,0,0,0,399,457,748600,482900,41462062.5,26646712.5,0.2280957944,0.0041254942,0.210864486,0.0038143234,0.0172313084,0.0003111708,0.213770821,0.2137028015,0.0038659836,0.0038647858,0.1923467316,0.1923670078,0.0034788939,0.0034792301,0.0214038132,0.0213560698,6.9774534e-06,0.0213896084,1.13838e-05,5.3004098e-06,,,0.3269230769,0.0059038694,0.3269230769,0.0059038694,55528.846154,55201.923077,1000.0,1000.0,55528.846154,55201.923077,1000.0,1000.0,0.2573318996,0.2098180697,3.0486602e-07,3.2958604e-07,78,83,13,78,0.0922600574
taq.csv,data\raw\taq\taq.csv,25,11/05/1993,AAPL,11:25:35,54.25,54.5,54.375,15:25:05,54.5,54.75,54.625,15:25:05,54.5,54.75,54.625,15:25:05,54.5,54.75,54.625,9:30:06,55.0,15:59:57,54.5,1384700,75458862.5,16:14:18,54.5,12:59:32,54.25,15:59:57,54.5,54.5,15:59:57,54.5,15:59:57,-0.004535155,-0.009132484,,21,727,712,1414100,1384700,386750.0,75458862.5,0,0,0,0,0,0,0,0,0,367,360,664200,749900,36272912.5,40793512.5,0.2250687758,0.0041255549,0.1724552957,0.0031631471,0.0526134801,0.0009624078,0.2132711327,0.213218655,0.0039128191,0.0039119633,0.1784438866,0.17834043,0.003276743,0.0032747686,0.0349307026,0.0347747684,1.16557e-05,0.0347728357,1.07261e-05,5.0527127e-06,,,0.3362068966,0.0061573739,0.3362068966,0.0061573739,54758.62069,54422.413793,1000.0,1000.0,54758.62069,54422.413793,1000.0,1000.0,0.2234970934,0.1535108047,7.828881e-07,7.794822e-07,78,82,13,78,0.1191873519
taq.csv,data\raw\taq\taq.csv,26,12/05/1993,AAPL,12:41:17,54.25,54.5,54.375,15:40:07,53.0,53.25,53.125,15:40:07,53.0,53.25,53.125,15:40:07,53.0,53.25,53.125,9:30:03,54.25,15:58:32,53.0,927300,50133100.0,16:07:44,53.25,12:56:55,54.5,15:58:32,53.0,53.0,15:58:32,53.0,15:58:32,,-0.023311079,,18,616,612,939500,927300,0.0,50133100.0,0,0,0,0,0,0,0,0,0,289,327,458600,480900,24826475.0,25956275.0,0.2238230519,0.0041439546,0.1684253247,0.0031180933,0.0553977273,0.0010258614,0.1891137369,0.1890899415,0.0034983143,0.0034981991,0.128685471,0.1287493662,0.002379935,0.002380891,0.0603643708,0.0604044705,2.06883e-05,0.0604000267,1.03875e-05,4.7543881e-06,,,0.3068181818,0.0056767445,0.3068181818,0.0056767445,54196.969697,53890.151515,1000.0,1000.0,54196.969697,53890.151515,1000.0,1000.0,0.1342739387,0.0105811637,5.3708067e-07,5.1011078e-07,77,79,13,77,0.1004306776
taq.csv,data\raw\taq\taq.csv,27,13/05/1993,AAPL,12:37:09,54.75,55.0,54.875,15:37:33,55.25,55.5,55.375,15:37:33,55.25,55.5,55.375,15:37:33,55.25,55.5,55.375,9:30:03,53.5,15:59:57,55.375,3191100,174540600.0,16:55:55,55.5,12:58:40,54.875,15:59:57,55.375,55.375,15:59:57,55.375,15:59:57,,0.0344465745,,29,1179,1163,3229700,3191100,0.0,174540600.0,0,0,0,0,0,0,0,0,0,572,607,1977700,1252000,108390412.5,68278900.0,0.2084393554,0.0038059504,0.1529898219,0.0027943135,0.0554495335,0.0010116369,0.2359256825,0.2358965229,0.0043132809,0.0043131589,0.1982730594,0.1982876907,0.0036258278,0.0036256618,0.0376379917,0.0376234635,1.25651e-05,0.03761377,9.571171e-06,4.5663588e-06,,,0.3110465116,0.0056747902,0.3110465116,0.0056747902,54973.837209,54662.790698,1000.0,1000.0,54973.837209,54662.790698,1000.0,1000.0,0.049966217,0.3159158142,1.6179665e-07,5.0611184e-08,78,81,13,78,0.1080827406
taq.csv,data\raw\taq\taq.csv,28,14/05/1993,AAPL,12:53:18,55.5,55.75,55.625,15:06:15,55.25,55.5,55.375,15:06:15,55.25,55.5,55.375,15:06:15,55.25,55.5,55.375,9:30:04,55.25,15:58:58,55.5,1015100,56249487.5,16:07:03,55.625,12:59:14,55.5,15:58:58,55.5,55.5,15:58:58,55.5,15:58:58,,0.0045146804,,27,748,737,1048300,1015100,0.0,56249487.5,0,0,0,0,0,0,0,0,0,352,396,537300,511000,29823600.0,28262987.5,0.2332887701,0.0042104638,0.2040441176,0.0036839098,0.0292446524,0.000526554,0.232592878,0.232519317,0.0041968673,0.0041955806,0.219271678,0.2192853471,0.0039589806,0.0039592004,0.013307531,0.013247639,4.2699648e-06,0.0131691851,1.13156e-05,5.016046e-06,,,0.3256578947,0.0058755083,0.3256578947,0.0058755083,55592.105263,55266.447368,1000.0,1000.0,55592.105263,55266.447368,1000.0,1000.0,0.0841659609,0.1348913832,3.7083945e-07,3.7210548e-07,78,80,13,78,0.1080913066
taq.csv,data\raw\taq\taq.csv,29,17/05/1993,AAPL,12:24:03,55.25,55.75,55.5,15:48:20,55.5,55.75,55.625,15:48:20,55.5,55.75,55.625,15:48:20,55.5,55.75,55.625,9:30:04,55.5,15:59:33,55.625,594800,33020025.0,16:08:44,56.0,12:55:33,55.25,15:59:33,55.625,55.625,15:59:33,55.625,15:59:33,,0.0022497197,,6,583,564,621800,594800,0.0,33020025.0,0,0,0,0,0,0,0,0,0,259,324,309500,312300,17225437.5,17298112.5,0.2504288165,0.0045117226,0.217838765,0.0039245255,0.0325900515,0.0005871971,0.2097974607,0.2098343519,0.0037795312,0.0037802652,0.15748633,0.1573838727,0.0028383267,0.0028364151,0.052413588,0.0523480219,1.69652e-05,0.0523636498,1.18007e-05,5.6603486e-06,,,0.3532608696,0.0063677192,0.3532608696,0.0063677192,55668.478261,55315.217391,1000.0,1000.0,55668.478261,55315.217391,1000.0,1000.0,0.0182705248,0.0848741714,7.42288e-07,7.4371336e-07,77,79,13,77,0.1118129604
taq.csv,data\raw\taq\taq.csv,30,18/05/1993,AAPL,12:53:56,55.75,56.0,55.875,15:45:37,55.25,55.5,55.375,15:45:37,55.25,55.5,55.375,15:45:37,55.25,55.5,55.375,9:30:04,55.5,15:59:48,55.5,1456800,81095437.5,16:17:56,55.5,12:58:52,55.75,15:59:48,55.5,55.5,15:59:48,55.5,15:59:48,,0.0,,16,863,857,1459600,1456800,0.0,81095437.5,0,0,0,0,0,0,0,0,0,387,476,810700,648900,45184150.0,36066387.5,0.2221900348,0.0039912465,0.1584588644,0.002845086,0.0637311703,0.0011461605,0.2160514938,0.216120855,0.0038825796,0.0038839718,0.171862154,0.1718225556,0.0030885875,0.0030877434,0.0442289382,0.044258701,1.42884e-05,0.0442455935,1.03461e-05,5.2124456e-06,,,0.3046875,0.0054884248,0.3046875,0.0054884248,55679.6875,55375.0,1000.0,1000.0,55679.6875,55375.0,1000.0,1000.0,0.0617741423,0.2048108912,4.4569732e-07,4.5906685e-07,78,81,13,78,0.118770192
taq.csv,data\raw\taq\taq.csv,31,19/05/1993,AAPL,12:44:34,56.25,56.5,56.375,15:42:34,57.0,57.25,57.125,15:42:34,57.0,57.25,57.125,15:42:34,57.0,57.25,57.125,9:30:04,54.75,15:59:42,57.25,1473300,82863587.5,16:54:22,56.375,12:58:39,56.375,15:59:42,57.25,57.25,15:59:42,57.25,15:59:42,0.0,0.0446502737,,86,1226,1186,1542600,1473300,21900.0,82863587.5,0,0,0,0,0,0,0,0,0,553,673,811600,731000,45759737.5,40983837.5,0.3178017945,0.0056651067,0.2740619902,0.004885784,0.0437398042,0.0007793227,0.3710195179,0.3739627901,0.0066117356,0.0066653281,0.3267373266,0.3236494389,0.0058253425,0.0057693963,0.047370079,0.0472254635,1.49378e-05,0.0473664757,2.03627e-05,4.1558794e-06,,,0.3111111111,0.0055761692,0.3111111111,0.0055761692,55961.111111,55650.0,1000.0,1000.0,55961.111111,55650.0,1000.0,1000.0,0.0959629572,0.2135582105,-6.08569e-08,-1.37134e-07,77,87,13,77,0.1010633162
taq.csv,data\raw\taq\taq.csv,32,20/05/1993,AAPL,12:15:03,58.0,58.25,58.125,15:40:06,58.75,59.0,58.875,15:40:06,58.75,59.0,58.875,15:40:06,58.75,59.0,58.875,9:30:04,57.25,15:59:49,59.0,2465900,143499450.0,16:55:42,58.75,12:59:51,58.0,15:59:49,59.0,59.0,15:59:49,59.0,15:59:49,,0.0301098015,,76,1595,1554,2594000,2465900,0.0,143499450.0,0,0,0,0,0,0,0,0,0,641,954,1452000,1142000,84677312.5,66368450.0,0.2554858934,0.0043955616,0.2226489028,0.00383221,0.0328369906,0.0005633516,0.2767523021,0.2771684657,0.0047526132,0.0047599096,0.206327101,0.2058107742,0.0035460307,0.003537039,0.070941528,0.0708413647,2.08467e-05,0.0707815451,1.09076e-05,4.4367637e-06,,,0.3525,0.006055543,0.3525,0.006055543,58387.5,58035.0,1000.0,1000.0,58387.5,58035.0,1000.0,1000.0,0.0818562809,0.1193399478,4.7836448e-07,4.2894145e-07,78,84,13,78,0.1305532735
taq.csv,data\raw\taq\taq.csv,33,21/05/1993,AAPL,12:18:42,57.75,58.0,57.875,15:57:05,57.0,57.5,57.25,15:57:05,57.0,57.5,57.25,15:57:05,57.0,57.5,57.25,9:30:05,58.75,15:59:19,57.375,1298000,75398412.5,16:36:50,58.0,12:59:46,57.75,15:59:19,57.375,57.375,15:59:19,57.375,15:59:19,,-0.023682485,,29,1085,1063,1323200,1298000,0.0,75398412.5,0,0,0,0,0,0,0,0,0,375,710,682500,640700,39724962.5,37119912.5,0.2438940092,0.0042037721,0.1865207373,0.0032156688,0.0573732719,0.0009881033,0.2435462108,0.2432549879,0.0041940156,0.0041895514,0.180518818,0.1810936074,0.0031040955,0.0031136068,0.0624526034,0.0627361699,1.86906e-05,0.0627447669,1.03046e-05,4.082066e-06,,,0.3044871795,0.0052702974,0.3044871795,0.0052702974,58000.0,57695.512821,1000.0,1000.0,58000.0,57695.512821,1000.0,1000.0,0.1886097435,0.1297760658,5.1187395e-07,4.5847923e-07,78,84,13,78,0.105852406
taq.csv,data\raw\taq\taq.csv,34,24/05/1993,AAPL,12:16:06,58.0,58.25,58.125,15:44:23,57.5,57.75,57.625,15:44:23,57.5,57.75,57.625,15:44:23,57.5,57.75,57.625,9:30:04,56.75,15:59:53,57.5,1313800,75736662.5,16:29:21,57.75,12:59:33,58.0,15:59:53,57.5,57.5,15:59:53,57.5,15:59:53,,0.0131292914,,14,905,886,1342100,1313800,0.0,75736662.5,0,0,0,0,0,0,0,0,0,401,504,693900,648200,40073625.0,37294975.0,0.2284530387,0.0039597739,0.1566298343,0.0027153895,0.0718232044,0.0012443844,0.2433197625,0.2433127189,0.00421367,0.0042138201,0.1664928098,0.1664253166,0.0028842384,0.0028828817,0.0768944459,0.0768199091,2.3064e-05,0.0767165105,8.3820721e-06,4.3718683e-06,,,0.3365384615,0.0058311636,0.3365384615,0.0058311636,57858.974359,57522.435897,1000.0,1000.0,57858.974359,57522.435897,1000.0,1000.0,0.1191752679,0.1894563109,1.0349605e-06,1.035511e-06,77,82,13,77,0.1220036694
taq.csv,data\raw\taq\taq.csv,35,25/05/1993,AAPL,12:59:53,56.75,57.0,56.875,15:59:34,56.25,56.5,56.375,15:59:34,56.25,56.5,56.375,15:59:34,56.25,56.5,56.375,9:30:02,56.75,15:59:49,56.25,1588400,90157887.5,16:19:14,56.375,12:59:56,56.75,15:59:49,56.25,56.25,15:59:49,56.25,15:59:49,,-0.008849615,,23,914,895,1613600,1588400,0.0,90157887.5,0,0,0,0,0,0,0,0,0,413,501,817200,796400,46426537.5,45152187.5,0.2263402626,0.0039921546,0.1549507659,0.0027349574,0.0713894967,0.0012571972,0.2309810664,0.2308967526,0.0040665264,0.0040651806,0.1465124566,0.1463934787,0.0025818741,0.0025797066,0.0845875878,0.084384296,2.61356e-05,0.0843834009,8.985846e-06,4.3191991e-06,,,0.3164893617,0.005576298,0.3164893617,0.005576298,56898.93617,56582.446809,1000.0,1000.0,56898.93617,56582.446809,1000.0,1000.0,0.1428068472,0.2216719147,9.2959517e-07,9.4049335e-07,77,81,13,77,0.128837526
taq.csv,data\raw\taq\taq.csv,36,26/05/1993,AAPL,11:30:59,56.0,56.25,56.125,15:58:52,57.5,57.75,57.625,15:58:52,57.5,57.75,57.625,15:58:52,57.5,57.75,57.625,9:30:05,56.0,15:59:02,57.5,1037800,58828612.5,16:24:01,57.625,12:58:30,56.0,15:59:02,57.5,57.5,15:59:02,57.5,15:59:02,,0.0264332571,,15,717,700,1085400,1037800,0.0,58828612.5,0,0,0,0,0,0,0,0,0,399,318,703200,382200,39965737.5,21597487.5,0.2391910739,0.0042247002,0.1781729428,0.003149114,0.0610181311,0.0010755863,0.271927889,0.2719849825,0.0047909622,0.0047924031,0.1746130459,0.1740899295,0.0030824054,0.0030728968,0.0978379595,0.0973719366,3.01484e-05,0.0974476176,1.1225e-05,3.4867536e-06,,,0.3352272727,0.0059155716,0.3352272727,0.0059155716,56835.227273,56500.0,1000.0,1000.0,56835.227273,56500.0,1000.0,1000.0,0.199705173,0.2043915909,9.8545534e-07,9.3033994e-07,77,82,13,77,0.1436106965
taq.csv,data\raw\taq\taq.csv,37,27/05/1993,AAPL,12:54:28,57.75,58.0,57.875,15:21:06,57.5,57.75,57.625,15:21:06,57.5,57.75,57.625,15:21:06,57.5,57.75,57.625,9:30:03,57.75,15:59:55,57.5,1728200,99978837.5,16:28:36,57.5,12:59:03,58.0,15:59:55,57.5,57.5,15:59:55,57.5,15:59:55,,-0.004338402,,16,818,801,1761500,1728200,0.0,99978837.5,0,0,0,0,0,0,0,0,0,335,483,980500,781000,56789350.0,45107100.0,0.2258557457,0.0039040345,0.2102689487,0.0036341017,0.0155867971,0.0002699328,0.2111738804,0.211112688,0.0036495242,0.003648531,0.1940462674,0.1941529244,0.0033537837,0.0033555654,0.0170209561,0.0170664207,5.0953424e-06,0.0170044628,9.2036216e-06,4.3276245e-06,,,0.2943548387,0.0050820227,0.2943548387,0.0050820227,58064.516129,57770.16129,1000.0,1000.0,58064.516129,57770.16129,1000.0,1000.0,0.1162052594,0.0112054024,3.0769815e-07,3.1440584e-07,78,82,13,78,0.0995349535
taq.csv,data\raw\taq\taq.csv,38,28/05/1993,AAPL,12:35:40,56.25,56.5,56.375,15:27:20,56.5,56.75,56.625,15:27:20,56.5,56.75,56.625,15:27:20,56.5,56.75,56.625,9:30:04,57.0,15:59:31,56.75,1636600,92726937.5,16:21:00,56.625,12:59:49,56.375,15:59:31,56.75,56.75,15:59:31,56.75,15:59:31,,-0.004395611,,9,667,655,1642400,1636600,0.0,92726937.5,0,0,0,0,0,0,0,0,0,292,375,874400,768000,49638375.0,43417037.5,0.2061469265,0.0036339993,0.1765367316,0.0031123928,0.0296101949,0.0005216065,0.1980954426,0.1980029226,0.0034946572,0.0034930883,0.192233926,0.1924083742,0.0033913418,0.0033943578,0.0056870684,0.0057689966,1.7957939e-06,0.005682778,1.09993e-05,4.1714081e-06,,,0.3152173913,0.0055533063,0.3152173913,0.0055533063,56891.304348,56576.086957,1000.0,1000.0,56891.304348,56576.086957,1000.0,1000.0,0.178293962,0.0021553054,8.2638465e-08,9.8772227e-08,78,82,13,78,0.0962446552
taq.csv,data\raw\taq\taq.csv,39,01/06/1993,AAPL,12:59:35,57.5,57.75,57.625,15:52:39,57.0,57.25,57.125,15:52:39,57.0,57.25,57.125,15:52:39,57.0,57.25,57.125,9:30:02,56.5,15:59:59,57.0,1163700,66503287.5,16:15:01,57.25,12:59:58,57.5,15:59:59,57.0,57.0,15:59:59,57.0,15:59:59,-0.004415018,0.0088106297,,33,753,728,1206000,1163700,11350.0,66503287.5,0,0,0,0,0,0,0,0,0,325,428,588000,618000,33645187.5,35278087.5,0.2453519256,0.0042964066,0.1779548473,0.003117622,0.0673970784,0.0011787846,0.2306001447,0.2306695688,0.0040351814,0.004036485,0.1695480929,0.1694410379,0.0029671169,0.0029651598,0.0611591068,0.061121476,1.87115e-05,0.0611520658,1.11411e-05,4.7062496e-06,,,0.3197674419,0.0056034292,0.3197674419,0.0056034292,57241.27907,56921.511628,1000.0,1000.0,57241.27907,56921.511628,1000.0,1000.0,0.0379854198,0.2314328552,1.1979772e-06,1.2138657e-06,78,83,13,78,0.0892193992
taq.csv,data\raw\taq\taq.csv,40,02/06/1993,AAPL,12:56:02,56.25,56.5,56.375,15:42:10,56.75,57.0,56.875,15:42:10,56.75,57.0,56.875,15:42:10,56.75,57.0,56.875,9:30:06,56.75,15:59:11,56.875,1642700,94095875.0,16:22:07,56.75,12:59:58,56.25,15:59:11,56.875,56.875,15:59:11,56.875,15:59:11,,0.0022002209,,43,942,922,1790000,1643200,0.0,94124250.0,0,0,0,0,0,0,0,0,0,431,511,920200,869800,52734712.5,49768825.0,0.2612791932,0.0045575132,0.1831210191,0.0031936343,0.0781581741,0.0013638789,0.2971260565,0.2966620112,0.0051838028,0.0051760862,0.2093296089,0.2097333409,0.0036513514,0.0036581405,0.0873927156,0.0873324022,2.66262e-05,0.0873663609,1.95879e-05,5.0377587e-06,,,0.3260869565,0.005702602,0.3260869565,0.005702602,57369.565217,57043.478261,1000.0,1000.0,57369.565217,57043.478261,1000.0,1000.0,0.1735019202,0.2506492965,1.4883772e-06,1.4884216e-06,77,81,13,77,0.1186119102
taq.csv,data\raw\taq\taq.csv,41,03/06/1993,AAPL,11:57:25,56.5,56.75,56.625,15:44:05,56.25,56.5,56.375,15:44:05,56.25,56.5,56.375,15:44:05,56.25,56.5,56.375,9:30:46,57.0,15:59:26,56.25,1332200,75419687.5,16:18:48,56.375,12:57:59,56.5,15:59:26,56.25,56.25,15:59:26,56.25,15:59:26,,-0.013245227,,11,695,677,1400500,1332200,0.0,75419687.5,0,0,0,0,0,0,0,0,0,348,347,747900,652600,42381850.0,36881987.5,0.2251798561,0.0039757759,0.1571942446,0.0027751157,0.0679856115,0.0012006602,0.1945746224,0.1944841128,0.0034371146,0.0034355642,0.1462870403,0.1464167455,0.0025853108,0.0025875657,0.0481578769,0.0481970725,1.5023e-05,0.0480817589,8.5655509e-06,4.8045955e-06,,,0.3173076923,0.0056097475,0.3173076923,0.0056097475,56740.384615,56423.076923,1000.0,1000.0,56740.384615,56423.076923,1000.0,1000.0,0.000567194,0.4755098287,5.9944365e-07,6.1629944e-07,77,81,13,77,0.1224007755
taq.csv,data\raw\taq\taq.csv,42,04/06/1993,AAPL,11:33:14,55.25,55.5,55.375,15:34:14,54.75,55.0,54.875,15:34:14,54.75,55.0,54.875,15:34:14,54.75,55.0,54.875,9:30:05,55.75,15:59:48,54.75,1880000,103932062.5,16:30:52,54.5,12:59:47,55.375,15:59:48,54.75,54.75,15:59:48,54.75,15:59:48,,-0.018100042,,18,998,978,1907900,1880000,0.0,103932062.5,0,0,0,0,0,0,0,0,0,464,534,954200,953700,52876350.0,52586687.5,0.2198146293,0.0039744951,0.1833667335,0.0033158033,0.0364478958,0.0006586918,0.2070075084,0.2067456366,0.0037406793,0.0037361179,0.2157935426,0.216300397,0.003898783,0.0039077942,-0.009292889,-0.009047906,-2.942726e-06,-0.009237614,9.4536568e-06,4.5298628e-06,,,0.3125,0.0056341789,0.3125,0.0056341789,55562.5,55250.0,1000.0,1000.0,55562.5,55250.0,1000.0,1000.0,0.2215882581,0.0996377243,-1.148165e-07,-1.123132e-07,78,82,13,78,0.1246714122
taq.csv,data\raw\taq\taq.csv,43,07/06/1993,AAPL,12:42:41,52.75,53.0,52.875,15:59:01,50.75,51.0,50.875,15:59:01,50.75,51.0,50.875,15:59:01,50.75,51.0,50.875,9:30:06,54.5,15:59:59,50.75,4078000,212987387.5,17:07:49,51.25,12:59:57,53.0,15:59:59,50.75,50.75,15:59:59,50.75,15:59:59,,-0.071289084,0.0098040001,129,1957,1878,4306600,4078000,0.0,212987387.5,0,0,0,0,0,0,0,0,0,868,1089,1516900,2789700,79520137.5,144987737.5,0.2862800204,0.0054815879,0.2112927951,0.0040589568,0.0749872253,0.0014226311,0.2949073195,0.2960020666,0.0056718583,0.0056956926,0.2609076766,0.2593407219,0.0050321242,0.0049995208,0.0355665976,0.03509439,1.27288e-05,0.0350497048,1.96093e-05,4.6350968e-06,,,0.34375,0.006549054,0.34375,0.006549054,52674.342105,52330.592105,1000.0,1000.0,52674.342105,52330.592105,1000.0,1000.0,0.075764229,0.2251176769,8.0803197e-07,5.7943613e-07,78,86,13,78,0.1068355794
taq.csv,data\raw\taq\taq.csv,44,08/06/1993,AAPL,12:59:20,48.5,48.75,48.625,15:51:42,49.25,49.5,49.375,15:51:42,49.25,49.5,49.375,15:51:42,49.25,49.5,49.375,9:30:03,48.75,15:59:36,49.5,5460500,267420350.0,16:53:37,49.5,12:59:58,48.625,15:59:36,49.5,49.5,15:59:36,49.5,15:59:36,-0.005115101,0.0152674721,,115,2742,2711,5560900,5460500,63700.0,267420350.0,0,0,0,0,0,0,0,0,0,1639,1101,2620700,2938900,128659312.5,143659587.5,0.258120438,0.0052726257,0.2295164234,0.0046911543,0.0286040146,0.0005814714,0.225756631,0.2258334982,0.0046093464,0.0046111966,0.2133984607,0.2128355999,0.0043605072,0.0043487782,0.0129210312,0.0124350375,5.1180177e-06,0.0127630856,1.72364e-05,6.2420424e-06,,,0.3427419355,0.0070011786,0.3427419355,0.0070011786,49153.225806,48810.483871,1000.0,1000.0,49153.225806,48810.483871,1000.0,1000.0,0.0005032568,0.2842855451,1.4531212e-07,1.5686401e-07,78,85,13,78,0.1137868309
taq.csv,data\raw\taq\taq.csv,45,09/06/1993,AAPL,12:57:58,44.5,44.75,44.625,15:48:22,44.0,44.25,44.125,15:48:22,44.0,44.25,44.125,15:48:22,44.0,44.25,44.125,9:30:01,45.0,15:59:59,44.25,10483900,466216925.0,17:12:02,44.25,12:59:55,44.75,15:59:59,44.25,44.25,15:59:59,44.25,15:59:59,,-0.016807118,0.0,332,5599,5540,10542400,10483900,0.0,466216925.0,0,0,0,0,0,0,0,0,0,3970,1629,4258800,6283600,189856087.5,278948925.0,0.2572780854,0.0057768852,0.2467404894,0.0055389791,0.010537596,0.0002379061,0.209934842,0.2099344077,0.0047214953,0.0047215869,0.1779789232,0.1780315396,0.0040008032,0.0040018949,0.0319033025,0.0319554845,1.62088e-05,0.03199957,1.4303e-05,7.9451317e-06,,,0.2957317073,0.0066545637,0.2957317073,0.0066545637,44586.309524,44297.619048,1000.0,1000.0,44586.309524,44297.619048,1000.0,1000.0,0.0943719653,0.2223539487,3.1143997e-07,2.9718324e-07,78,83,13,78,0.1237149629
taq.csv,data\raw\taq\taq.csv,46,10/06/1993,AAPL,11:40:21,43.0,43.25,43.125,15:29:55,44.25,44.5,44.375,15:29:55,44.25,44.5,44.375,15:29:55,44.25,44.5,44.375,9:30:03,43.5,15:59:50,44.5,4887600,212508162.5,16:38:33,43.5,12:59:50,43.25,15:59:50,44.5,44.5,15:59:50,44.5,15:59:50,,0.0227282511,,286,3566,3530,4944600,4887600,0.0,212508162.5,0,0,0,0,0,0,0,0,0,2453,1113,2413500,2531100,105139487.5,109906000.0,0.2635305665,0.006054292,0.2329641054,0.0053568511,0.030566461,0.0006974409,0.2208275964,0.2205941836,0.0050736288,0.0050689161,0.1920124985,0.192110271,0.0044132146,0.0044149528,0.0287173254,0.0285816851,1.50767e-05,0.0286464638,1.67648e-05,8.2239049e-06,,,0.3055555556,0.007000546,0.3055555556,0.007000546,43770.833333,43465.277778,1000.0,1000.0,43770.833333,43465.277778,1000.0,1000.0,0.0008936895,0.2867607615,-1.944301e-08,-7.382266e-09,78,84,13,78,0.1165849662
taq.csv,data\raw\taq\taq.csv,47,11/06/1993,AAPL,12:59:46,43.75,44.0,43.875,15:50:11,43.5,44.0,43.75,15:50:11,43.5,44.0,43.75,15:50:11,43.5,44.0,43.75,9:30:05,45.0,15:59:52,44.0,2153700,95304687.5,16:10:01,44.0,12:59:22,44.0,15:59:52,44.0,44.0,15:59:52,44.0,15:59:52,,-0.022472856,,48,2329,2316,2163600,2153700,0.0,95304687.5,0,0,0,0,0,0,0,0,0,1558,771,1031200,1132400,45705312.5,50032600.0,0.2596607986,0.0058756572,0.2627737226,0.0059450222,-0.003112924,-6.9365e-05,0.2292877247,0.2292244407,0.005184518,0.0051837274,0.2075129414,0.2077465915,0.0046959764,0.0047007146,0.0215411332,0.0217114994,1.10228e-05,0.0214079906,1.69033e-05,7.7055952e-06,,,0.3214285714,0.0072826169,0.3214285714,0.0072826169,44314.285714,43992.857143,1000.0,1000.0,44314.285714,43992.857143,1000.0,1000.0,0.2237547229,0.0463408641,-6.274861e-07,-6.244207e-07,78,81,13,78,0.1577961487
taq.csv,data\raw\taq\taq.csv,48,14/06/1993,AAPL,12:11:39,43.5,43.75,43.625,15:58:38,44.5,44.75,44.625,15:58:38,44.5,44.75,44.625,15:58:38,44.5,44.75,44.625,9:30:04,44.0,15:59:45,44.75,2157700,94988625.0,16:35:33,44.25,12:59:59,43.75,15:59:45,44.75,44.75,15:59:45,44.75,15:59:45,,0.0169018108,,36,1685,1666,2227700,2157700,0.0,94988625.0,0,0,0,0,0,0,0,0,0,1168,517,1214700,1013000,53610550.0,44493837.5,0.2333827893,0.0053068804,0.2123145401,0.0048312786,0.0210682493,0.0004756019,0.2176340291,0.2176347803,0.0049426781,0.0049429042,0.1902971675,0.190284303,0.00432395,0.0043234923,0.0273497261,0.0273376128,1.40549e-05,0.0272679665,1.20072e-05,7.9523298e-06,,,0.2884615385,0.0065536999,0.2884615385,0.0065536999,44153.846154,43865.384615,1000.0,1000.0,44153.846154,43865.384615,1000.0,1000.0,0.0005638263,0.2330384245,5.882337e-07,5.4676516e-07,78,82,13,78,0.1098007329
taq.csv,data\raw\taq\taq.csv,49,15/06/1993,AAPL,12:44:05,42.75,43.25,43.0,15:59:15,42.0,42.25,42.125,15:59:15,42.0,42.25,42.125,15:59:15,42.0,42.25,42.125,9:30:06,45.25,15:59:59,42.375,3785800,164446412.5,16:34:24,42.0,12:59:52,43.25,15:59:59,42.375,42.375,15:59:59,42.375,15:59:59,,-0.065644104,,201,2967,2851,4002900,3787200,0.0,164505562.5,0,0,0,0,0,0,0,0,0,1945,1022,1974700,2028200,86054262.5,87521737.5,0.2807549714,0.0064630758,0.265503876,0.0061049847,0.0152510954,0.0003580911,0.2658346794,0.2642990082,0.0061065211,0.0060744533,0.1969978016,0.1991916365,0.0045124273,0.0045601815,0.0666430429,0.0673012066,3.60225e-05,0.0670532482,2.52475e-05,7.3552495e-06,,,0.3359375,0.007752782,0.3359375,0.007752782,43501.5625,43165.625,1000.0,1000.0,43501.5625,43165.625,1000.0,1000.0,0.1241848621,0.1429644006,9.6662229e-07,1.034333e-06,78,85,13,78,0.1285182632
taq.csv,data\raw\taq\taq.csv,50,16/06/1993,AAPL,11:33:32,42.5,42.75,42.625,15:14:37,42.0,42.25,42.125,15:14:37,42.0,42.25,42.125,15:14:37,42.0,42.25,42.125,9:30:00,42.25,15:59:42,42.25,3092500,131093912.5,16:26:40,42.375,12:59:53,42.625,15:59:42,42.25,42.25,15:59:42,42.25,15:59:42,0.0,0.0,,34,2229,2208,3152600,3092500,42250.0,131093912.5,0,0,0,0,0,0,0,0,0,1488,741,1331600,1821000,56581400.0,77047100.0,0.2275123374,0.005367411,0.1852288022,0.004372158,0.0422835352,0.0009952531,0.2049374291,0.205076762,0.0048360576,0.004839588,0.1872660661,0.1866808213,0.0044269653,0.0044129592,0.0182566079,0.0178106959,9.7347082e-06,0.0179337711,1.3738e-05,8.5572144e-06,,,0.3290816327,0.0077371422,0.3290816327,0.0077371422,42691.326531,42362.244898,1000.0,1000.0,42691.326531,42362.244898,1000.0,1000.0,0.0884300095,0.0949521714,3.7221245e-07,3.8257071e-07,78,84,13,78,0.1128754821
taq.csv,data\raw\taq\taq.csv,51,17/06/1993,AAPL,12:53:39,41.5,41.75,41.625,14:33:05,41.0,41.25,41.125,14:33:05,41.0,41.25,41.125,14:33:05,41.0,41.25,41.125,9:30:04,42.5,15:59:26,41.125,3634500,150745175.0,16:47:25,41.75,12:59:52,41.625,15:59:26,41.125,41.125,15:59:26,41.125,15:59:26,,-0.032887867,,56,2467,2451,3655700,3634500,0.0,150745175.0,0,0,0,0,0,0,0,0,0,1568,899,1620300,2035400,67322250.0,84294300.0,0.232569923,0.0056035071,0.2083502229,0.005020775,0.0242197,0.0005827321,0.1955214281,0.1952840769,0.0047080396,0.004702738,0.1477555598,0.1476983074,0.0035645557,0.0035628765,0.0478231206,0.0475285171,2.74433e-05,0.0474945128,1.46972e-05,7.4600551e-06,,,0.2871621622,0.0068962265,0.2871621622,0.0068962265,41766.891892,41479.72973,1000.0,1000.0,41766.891892,41479.72973,1000.0,1000.0,0.2070714199,0.2081555815,5.9662123e-09,-1.000555e-07,78,82,13,78,0.092803471
taq.csv,data\raw\taq\taq.csv,52,18/06/1993,AAPL,12:56:27,40.75,41.0,40.875,15:32:26,40.75,41.0,40.875,15:32:26,40.75,41.0,40.875,15:32:26,40.75,41.0,40.875,9:30:14,41.625,15:59:53,40.75,2728000,111821837.5,16:42:08,41.0,12:59:30,40.75,15:59:53,40.75,40.75,15:59:53,40.75,15:59:53,,-0.021245109,,56,2448,2419,2783700,2728000,0.0,111821837.5,0,0,0,0,0,0,0,0,0,1651,796,1301700,1481900,53343150.0,60755300.0,0.2428513072,0.005945858,0.179403351,0.0043668406,0.0635472007,0.0015814472,0.2160201415,0.2162768977,0.0052766466,0.0052838808,0.1511567338,0.1516929553,0.0036769349,0.0036894511,0.0643271862,0.0651201638,3.92038e-05,0.0650584293,2.10726e-05,8.6611231e-06,,,0.3333333333,0.0081708108,0.3333333333,0.0081708108,40986.979167,40653.645833,1000.0,1000.0,40986.979167,40653.645833,1000.0,1000.0,0.2207609895,0.2303245533,1.0848003e-06,1.0710715e-06,78,84,13,78,0.0916699415
taq.csv,data\raw\taq\taq.csv,53,21/06/1993,AAPL,12:28:46,40.0,40.25,40.125,15:52:13,39.5,39.75,39.625,15:52:13,39.5,39.75,39.625,15:52:13,39.5,39.75,39.625,9:30:11,40.5,15:59:22,39.75,2421900,96529537.5,16:34:58,39.75,12:59:13,40.0,15:59:22,39.75,39.75,15:59:22,39.75,15:59:22,,-0.018692133,,49,2170,2142,2442900,2421900,0.0,96529537.5,0,0,0,0,0,0,0,0,0,1291,879,1142000,1300900,45581712.5,51780925.0,0.2316820276,0.0058035552,0.214516129,0.005372972,0.0171658986,0.0004305831,0.2094784563,0.2093004216,0.0052529342,0.0052486756,0.1763273159,0.1764343381,0.0044245124,0.0044270082,0.0330441182,0.0329731057,2.06789e-05,0.0329175688,2.08303e-05,9.7751068e-06,,,0.2916666667,0.0073160475,0.2916666667,0.0073160475,40008.333333,39716.666667,1000.0,1000.0,40008.333333,39716.666667,1000.0,1000.0,0.0685131241,0.2603582382,8.2544459e-07,7.9152237e-07,78,84,13,78,0.1084128691
taq.csv,data\raw\taq\taq.csv,54,22/06/1993,AAPL,12:04:54,40.75,41.0,40.875,15:55:28,41.25,41.5,41.375,15:55:28,41.25,41.5,41.375,15:55:28,41.25,41.5,41.375,9:30:05,40.875,15:59:54,41.375,2859900,116424687.5,16:15:43,41.125,12:59:22,41.0,15:59:54,41.375,41.375,15:59:54,41.375,15:59:54,,0.0121582045,,89,2475,2432,3003400,2859900,0.0,116424687.5,0,0,0,0,0,0,0,0,0,1607,867,1411300,1589600,57543275.0,64696162.5,0.2437878788,0.005996386,0.1818916734,0.0044841293,0.0619947454,0.0015146805,0.2203542233,0.2202378971,0.0054074396,0.0054052908,0.1353882267,0.1356931104,0.0033276435,0.0033347001,0.0846611129,0.0848496704,5.10048e-05,0.0844317491,2.00808e-05,9.3411952e-06,,,0.3163265306,0.0077980644,0.3163265306,0.0077980644,40714.285714,40397.959184,1000.0,1000.0,40714.285714,40397.959184,1000.0,1000.0,0.4901410149,0.0032547348,1.1317307e-06,1.1329752e-06,78,82,13,78,0.1339468818
taq.csv,data\raw\taq\taq.csv,55,23/06/1993,AAPL,12:55:09,40.5,40.75,40.625,15:56:54,40.5,40.75,40.625,15:56:54,40.5,40.75,40.625,15:56:54,40.5,40.75,40.625,9:30:01,41.75,15:59:43,40.625,1587300,64656262.5,16:23:45,40.75,12:59:43,40.75,15:59:43,40.625,40.625,15:59:43,40.625,15:59:43,0.0,-0.027315811,,71,1504,1479,1613600,1587300,83500.0,64656262.5,0,0,0,0,0,0,0,0,0,990,514,745300,868300,30464887.5,35261250.0,0.2724401596,0.0066772396,0.2914727394,0.0071288223,-0.01903258,-0.000451583,0.229765684,0.2294636217,0.005635688,0.0056289382,0.2212289291,0.2220011027,0.0054231248,0.0054413122,0.0077645813,0.0082346926,5.0527918e-06,0.0079174333,2.59435e-05,8.8352853e-06,,,0.3412162162,0.0083713479,0.3412162162,0.0083713479,40935.810811,40594.594595,1000.0,1000.0,40935.810811,40594.594595,1000.0,1000.0,0.0891295463,0.1519782137,-6.162323e-07,-6.819201e-07,78,83,13,78,0.1080598913
taq.csv,data\raw\taq\taq.csv,56,24/06/1993,AAPL,12:32:23,41.0,41.25,41.125,15:47:57,41.5,41.75,41.625,15:47:57,41.5,41.75,41.625,15:47:57,41.5,41.75,41.625,9:30:05,40.5,15:59:48,41.5,1954700,79999025.0,16:15:16,41.75,12:59:49,41.25,15:59:48,41.5,41.5,15:59:48,41.5,15:59:48,0.0061919702,0.0243914531,,35,1238,1219,1992100,1954700,40250.0,79999025.0,0,0,0,0,0,0,0,0,0,813,425,1185800,806300,48672112.5,32886062.5,0.2234450727,0.0054717063,0.170638126,0.0041752467,0.0528069467,0.0012964596,0.1870775063,0.187252146,0.0045758824,0.0045807908,0.1402791025,0.140100226,0.0034308745,0.0034259798,0.0469772803,0.0469730435,2.80873e-05,0.0470779366,1.30373e-05,7.5990206e-06,,,0.2890625,0.0070745721,0.2890625,0.0070745721,41019.53125,40730.46875,1000.0,1000.0,41019.53125,40730.46875,1000.0,1000.0,0.0195373822,0.3239222654,6.1167626e-07,4.6728211e-07,78,82,13,78,0.1062861146
taq.csv,data\raw\taq\taq.csv,57,25/06/1993,AAPL,12:59:10,40.25,40.5,40.375,15:36:45,40.0,40.25,40.125,15:36:45,40.0,40.25,40.125,15:36:45,40.0,40.25,40.125,9:30:03,40.375,15:59:54,40.0,2261100,90722237.5,17:11:42,40.0,12:59:41,40.5,15:59:54,40.0,40.0,15:59:54,40.0,15:59:54,0.0031007777,-0.009331327,0.0,46,1862,1834,2297100,2261100,4025.0,90722237.5,0,0,0,0,0,0,0,0,0,937,925,1088200,1208900,43792375.0,48375700.0,0.2837003222,0.0070693459,0.259264232,0.0064629958,0.0244360902,0.0006063501,0.2714793734,0.2715053763,0.0067682603,0.0067691516,0.2220190675,0.2220230202,0.0055370826,0.0055369548,0.0494563532,0.0494863088,3.07068e-05,0.0494044922,3.25721e-05,9.9288212e-06,,,0.3455882353,0.0086040258,0.3455882353,0.0086040258,40360.294118,40014.705882,1000.0,1000.0,40360.294118,40014.705882,1000.0,1000.0,0.1794317242,0.0435312547,6.0253287e-07,5.9666694e-07,78,84,13,78,0.1455889444
taq.csv,data\raw\taq\taq.csv,58,28/06/1993,AAPL,12:22:36,39.0,39.25,39.125,15:56:19,40.0,40.25,40.125,15:56:19,40.0,40.25,40.125,15:56:19,40.0,40.25,40.125,9:30:11,40.5,15:59:58,40.125,3112500,122745687.5,16:39:56,40.125,12:59:57,39.25,15:59:58,40.125,40.125,15:59:58,40.125,15:59:58,,-0.009302393,,47,2082,2055,3169400,3112500,0.0,122745687.5,0,0,0,0,0,0,0,0,0,1327,755,1498900,1670500,59361225.0,65664175.0,0.2497598463,0.0063205922,0.2134966378,0.0054024064,0.0362632085,0.0009181857,0.2128751188,0.2129070171,0.0053969737,0.0053985753,0.1567567994,0.1566294979,0.003978774,0.0039748809,0.0562456209,0.0561502177,3.5992e-05,0.0560982284,2.52289e-05,1.0495e-05,,,0.3290816327,0.0083320217,0.3290816327,0.0083320217,39670.918367,39341.836735,1000.0,1000.0,39670.918367,39341.836735,1000.0,1000.0,0.0353849838,0.2347972181,5.0381265e-07,5.0398245e-07,78,82,13,78,0.1136768703
taq.csv,data\raw\taq\taq.csv,59,29/06/1993,AAPL,12:19:19,39.0,39.25,39.125,15:54:55,39.0,39.25,39.125,15:54:55,39.0,39.25,39.125,15:54:55,39.0,39.25,39.125,9:30:14,40.25,15:59:58,39.125,2600100,101847125.0,17:10:33,39.125,12:59:45,39.125,15:59:58,39.125,39.125,15:59:58,39.125,15:59:58,,-0.028348355,0.0,29,1844,1815,2627400,2601100,0.0,101886250.0,0,0,0,0,0,0,0,0,0,1046,798,1098400,1529000,43140562.5,59773037.5,0.2175976139,0.0055465877,0.170824295,0.0043481897,0.0467733189,0.001198398,0.2053378696,0.2052599528,0.0052407721,0.0052393297,0.1406904164,0.1412289957,0.0035807205,0.0035939667,0.0641088739,0.0645695364,4.23445e-05,0.0645043265,1.86784e-05,1.08448e-05,,,0.3205128205,0.0081833898,0.3205128205,0.0081833898,39339.74359,39019.230769,1000.0,1000.0,39339.74359,39019.230769,1000.0,1000.0,0.0968553896,0.1795523865,4.9958665e-07,4.2552734e-07,78,85,13,78,0.1206532909
taq.csv,data\raw\taq\taq.csv,60,30/06/1993,AAPL,12:45:00,38.75,39.0,38.875,15:59:18,39.0,39.5,39.25,15:59:18,39.0,39.5,39.25,15:59:18,39.0,39.5,39.25,9:30:00,38.75,15:59:54,39.0,1675900,65407225.0,16:51:49,39.25,12:59:33,39.0,15:59:54,39.0,39.0,15:59:54,39.0,15:59:54,,0.0064308903,,48,1325,1291,1788000,1675900,0.0,65407225.0,0,0,0,0,0,0,0,0,0,778,547,832600,955400,32601262.5,37219212.5,0.2588679245,0.0066338668,0.2250943396,0.0057696459,0.0337735849,0.0008642209,0.2097739327,0.2097595078,0.0053718844,0.0053717998,0.175950783,0.1759296342,0.0045073855,0.004506594,0.0338442985,0.0338087248,2.21364e-05,0.0337891406,2.50318e-05,1.04792e-05,,,0.3064516129,0.0078462826,0.3064516129,0.0078462826,39217.741935,38911.290323,1000.0,1000.0,39217.741935,38911.290323,1000.0,1000.0,0.0666483525,0.310820449,9.2487774e-07,9.9331512e-07,78,85,13,78,0.1024940993
taq.csv,data\raw\taq\taq.csv,61,01/07/1993,AAPL,12:06:53,39.25,39.5,39.375,15:24:27,38.0,38.25,38.125,15:24:27,38.0,38.25,38.125,15:24:27,38.0,38.25,38.125,9:30:07,39.0,15:59:55,38.25,1901200,73755387.5,16:52:46,38.0,12:59:43,39.25,15:59:55,38.25,38.25,15:59:55,38.25,15:59:55,,-0.019418086,,15,1423,1393,1947900,1901200,0.0,73755387.5,0,0,0,0,0,0,0,0,0,852,571,878000,1069900,34150187.5,41385162.5,0.2192550949,0.0056367352,0.1871047084,0.0048097278,0.0321503865,0.0008270073,0.1955099293,0.1954989989,0.0050424315,0.0050429971,0.1527349967,0.1526938422,0.0039415091,0.0039397603,0.0428160871,0.0427640023,2.84051e-05,0.042759204,2.00866e-05,9.1902906e-06,,,0.30859375,0.0078904833,0.30859375,0.0078904833,39242.1875,38933.59375,1000.0,1000.0,39242.1875,38933.59375,1000.0,1000.0,0.0601116319,0.2658499767,1.7307341e-06,1.6700748e-06,78,82,13,78,0.1422465792
taq.csv,data\raw\taq\taq.csv,62,02/07/1993,AAPL,12:52:03,38.25,38.5,38.375,13:05:34,38.25,38.5,38.375,13:05:34,38.25,38.5,38.375,13:05:34,38.25,38.5,38.375,9:30:05,38.25,15:59:53,38.5,1668100,63808400.0,16:35:20,38.125,12:59:23,38.0,15:59:53,38.5,38.5,15:59:53,38.5,15:59:53,0.0065574005,0.006514681,,49,1372,1327,1711000,1668100,3800.0,63808400.0,0,0,0,0,0,0,0,0,0,846,526,778900,932100,29878387.5,35569725.0,0.2241253644,0.0058602637,0.1989795918,0.0052025262,0.0251457726,0.0006577376,0.189555648,0.1895675044,0.0049555294,0.0049559521,0.1530391584,0.1530392206,0.0039996638,0.0039995911,0.0365164274,0.036528346,2.50001e-05,0.036565962,1.7226e-05,1.10419e-05,,,0.2980769231,0.0077922791,0.2980769231,0.0077922791,38394.230769,38096.153846,1000.0,1000.0,38394.230769,38096.153846,1000.0,1000.0,0.0785821354,0.0655325742,-3.527998e-07,-3.446714e-07,78,84,13,78,0.1036291586
taq.csv,data\raw\taq\taq.csv,63,06/07/1993,AAPL,12:53:43,38.5,38.75,38.625,15:30:35,37.75,38.0,37.875,15:30:35,37.75,38.0,37.875,15:30:35,37.75,38.0,37.875,9:30:07,38.25,15:59:56,37.75,1364500,52351837.5,16:35:40,37.875,12:59:36,38.75,15:59:56,37.75,37.75,15:59:56,37.75,15:59:56,,-0.013158085,,48,1378,1355,1386200,1364500,0.0,52351837.5,0,0,0,0,0,0,0,0,0,800,578,640800,745400,24612525.0,28561000.0,0.2497278665,0.0065059227,0.2073657475,0.0054002008,0.042362119,0.0011057219,0.2011329005,0.201170466,0.0052412583,0.0052427217,0.1463533401,0.146253763,0.0038139155,0.0038109381,0.0548791375,0.054817126,3.72481e-05,0.0548659408,2.78584e-05,1.03667e-05,,,0.3427419355,0.0089193554,0.3427419355,0.0089193554,38576.612903,38233.870968,1000.0,1000.0,38576.612903,38233.870968,1000.0,1000.0,0.125640675,0.172240208,1.1154728e-06,1.1297142e-06,78,84,13,78,0.1102598797
taq.csv,data\raw\taq\taq.csv,64,07/07/1993,AAPL,12:58:39,36.5,37.0,36.75,15:07:14,36.5,36.75,36.625,15:07:14,36.5,36.75,36.625,15:07:14,36.5,36.75,36.625,9:30:07,37.5,15:59:59,36.5,1997400,73567625.0,16:42:29,36.5,12:59:51,36.75,15:59:59,36.5,36.5,15:59:59,36.5,15:59:59,,-0.027028672,,20,2007,1983,2027200,1997400,0.0,73567625.0,0,0,0,0,0,0,0,0,0,1117,890,1035200,992000,38182137.5,36477437.5,0.2280767314,0.0061845099,0.197122571,0.0053414622,0.0309541604,0.0008430477,0.1960062976,0.1959969416,0.0053216818,0.0053218433,0.1657396902,0.1658860819,0.0044986393,0.0045022649,0.0301202157,0.0302572514,2.23521e-05,0.0301782331,2.42966e-05,1.1105e-05,,,0.3262195122,0.0088389488,0.3262195122,0.0088389488,37048.780488,36722.560976,1000.0,1000.0,37048.780488,36722.560976,1000.0,1000.0,0.0704312473,0.0447483045,2.1453742e-07,2.1666031e-07,78,83,13,78,0.0931972613
taq.csv,data\raw\taq\taq.csv,65,08/07/1993,AAPL,12:57:24,37.0,37.25,37.125,15:44:44,36.5,36.75,36.625,15:44:44,36.5,36.75,36.625,15:44:44,36.5,36.75,36.625,9:30:13,36.5,15:59:41,36.75,1216000,44813462.5,16:29:22,36.75,12:59:47,37.0,15:59:41,36.75,36.75,15:59:41,36.75,15:59:41,,0.0068259651,,15,1445,1426,1240800,1216000,0.0,44813462.5,0,0,0,0,0,0,0,0,0,893,552,682100,558700,25180712.5,20540800.0,0.2472318339,0.0067100294,0.2032871972,0.0055169713,0.0439446367,0.0011930581,0.2222750177,0.2222960993,0.006035537,0.0060364313,0.1566126692,0.1567277821,0.0042478894,0.0042508202,0.0655472356,0.06568343,4.85378e-05,0.0657639834,2.699e-05,1.20402e-05,,,0.3125,0.0084962367,0.3125,0.0084962367,36947.916667,36635.416667,1000.0,1000.0,36947.916667,36635.416667,1000.0,1000.0,0.159584265,0.1407779568,9.722198e-07,1.0047895e-06,78,83,13,78,0.0949221964
taq.csv,data\raw\taq\taq.csv,66,09/07/1993,AAPL,11:35:19,36.5,37.0,36.75,14:54:11,36.75,37.0,36.875,14:54:11,36.75,37.0,36.875,14:54:11,36.75,37.0,36.875,9:30:07,37.0,15:59:26,36.75,1393700,51251037.5,16:26:14,37.0,12:59:57,37.0,15:59:26,36.75,36.75,15:59:26,36.75,15:59:26,,-0.006779687,,9,1048,1040,1400700,1393700,0.0,51251037.5,0,0,0,0,0,0,0,0,0,707,341,794000,606700,29267725.0,22242225.0,0.2721851145,0.0073964985,0.2604961832,0.0070782653,0.0116889313,0.0003182333,0.2280118938,0.2280466909,0.0062027424,0.0062037932,0.205290212,0.2052930429,0.005584285,0.0055842588,0.0227188509,0.0227564789,1.68462e-05,0.0227443844,2.73527e-05,1.11584e-05,,,0.34375,0.0093423942,0.34375,0.0093423942,36953.125,36609.375,1000.0,1000.0,36953.125,36609.375,1000.0,1000.0,0.143325271,0.0115335368,1.1455042e-07,1.2043927e-07,78,82,13,78,0.0987938475
taq.csv,data\raw\taq\taq.csv,67,12/07/1993,AAPL,12:42:06,37.5,37.75,37.625,15:43:28,37.75,38.0,37.875,15:43:28,37.75,38.0,37.875,15:43:28,37.75,38.0,37.875,9:30:11,36.75,15:59:59,38.0,1495300,55320637.5,16:43:44,36.875,12:59:54,37.75,15:59:59,38.0,38.0,15:59:59,38.0,15:59:59,,0.0334479341,,26,1286,1262,1552500,1495300,0.0,55320637.5,0,0,0,0,0,0,0,0,0,776,510,844000,708500,31356787.5,26139087.5,0.250777605,0.0067545493,0.2274494557,0.006126729,0.0233281493,0.0006278203,0.2230340981,0.2227536232,0.00601592,0.0060095548,0.1780193237,0.178311868,0.0048001961,0.0048071162,0.0447222301,0.0447342995,3.2655e-05,0.0447672992,2.59803e-05,1.03258e-05,,,0.3482142857,0.009405298,0.3482142857,0.009405298,37205.357143,36857.142857,1000.0,1000.0,37205.357143,36857.142857,1000.0,1000.0,0.0731936157,0.2275630584,8.4173108e-07,8.1137704e-07,78,84,13,78,0.1156366768
taq.csv,data\raw\taq\taq.csv,68,13/07/1993,AAPL,12:01:42,37.5,37.75,37.625,15:53:40,37.25,37.5,37.375,15:53:40,37.25,37.5,37.375,15:53:40,37.25,37.5,37.375,9:30:11,38.75,15:59:51,37.25,1396900,53095062.5,17:00:57,38.25,12:56:36,37.5,15:59:51,37.25,37.25,15:59:51,37.25,15:59:51,,-0.039478811,0.0264916154,437,1314,1292,1411700,1396900,0.0,53095062.5,0,0,0,0,0,0,0,0,0,962,352,926500,485200,35419250.0,18227925.0,0.4324581431,0.0113404491,0.4269406393,0.0111951715,0.0055175038,0.0001452775,0.4205728214,0.4172982928,0.0110248539,0.0109401114,0.4148898491,0.4182861213,0.0108770109,0.010964995,0.0022867001,0.0024084437,1.6604573e-06,0.0022747503,1.83822e-05,7.8882799e-06,,,0.265625,0.0070576356,0.265625,0.0070576356,41397.727273,37761.363636,1090.9090909,1000.0,37920.454545,37761.363636,1000.0,1000.0,0.1116900201,0.2058300315,-6.709301e-07,-5.796151e-07,78,82,13,78,0.1085016781
taq.csv,data\raw\taq\taq.csv,69,14/07/1993,AAPL,12:41:49,36.5,36.75,36.625,15:54:54,37.0,37.5,37.25,15:54:54,37.0,37.5,37.25,15:54:54,37.0,37.5,37.25,9:30:02,36.75,15:59:36,36.25,2179300,79700637.5,16:21:50,37.5,12:58:59,36.75,15:59:36,36.25,36.25,15:59:36,36.25,15:59:36,,-0.013698844,,31,1575,1556,2199100,2179300,0.0,79700637.5,0,0,0,0,0,0,0,0,0,1045,530,1295900,903200,47529362.5,32911162.5,0.2484126984,0.0067958326,0.2115873016,0.0057905309,0.0368253968,0.0010053017,0.2309559609,0.2308444364,0.0063171317,0.0063148409,0.1992860716,0.1992085535,0.0054568942,0.0054541622,0.0317474075,0.0315583648,2.34547e-05,0.0315664233,2.73399e-05,1.17469e-05,,,0.3397435897,0.0092634522,0.3397435897,0.0092634522,36826.923077,36487.179487,1000.0,1000.0,36826.923077,36487.179487,1000.0,1000.0,0.0481521265,0.1156518259,1.5604365e-07,6.3626057e-08,78,82,13,78,0.1156250346
taq.csv,data\raw\taq\taq.csv,70,15/07/1993,AAPL,12:58:58,35.5,36.0,35.75,15:52:27,35.5,35.75,35.625,15:52:27,35.5,35.75,35.625,15:52:27,35.5,35.75,35.625,9:30:02,37.25,15:58:56,35.5,2894300,104693500.0,17:06:51,35.625,12:59:58,35.75,15:58:56,35.5,35.5,15:58:56,35.5,15:58:56,0.0,-0.048119248,0.0035149421,80,1829,1770,3020600,2894300,55875.0,104693500.0,0,0,0,0,0,0,0,0,0,996,833,1352000,1668600,48954675.0,60133137.5,0.2811645708,0.0078318023,0.2599781301,0.0072530513,0.0211864407,0.0005787511,0.2758064747,0.2800519764,0.0077032374,0.007827357,0.2555038734,0.2513387437,0.0071488716,0.0070271693,0.024467731,0.024548103,1.8787e-05,0.0244159407,3.29846e-05,1.12027e-05,,,0.3333333333,0.0092077083,0.3333333333,0.0092077083,36416.666667,36083.333333,1000.0,1000.0,36416.666667,36083.333333,1000.0,1000.0,0.0532567665,0.1992766795,1.0253327e-07,-6.443575e-08,78,85,13,78,0.0813063249
taq.csv,data\raw\taq\taq.csv,71,16/07/1993,AAPL,12:31:46,28.0,28.25,28.125,15:48:41,27.75,27.5,27.625,15:48:41,27.75,27.5,27.625,15:48:41,27.75,27.5,27.625,9:30:02,28.5,15:59:58,27.5,18895300,532940125.0,17:11:06,27.75,12:59:45,28.25,15:59:58,27.5,27.5,15:59:58,27.5,15:59:58,0.0,-0.035718083,0.0090498355,4799,11908,11821,19138600,18895900,155687.5,532956625.0,0,0,0,0,0,0,0,0,0,5209,5063,5128700,11387400,147253675.0,317113450.0,0.5009126752,0.0179307754,0.5063643886,0.0181222388,-0.005451713,-0.000191463,0.4333830037,0.4420183556,0.0155440348,0.0158641721,0.4248834816,0.4160140617,0.0152673208,0.0149391601,0.017368942,0.017134874,2.11674e-05,0.0170554564,5.69313e-05,0.0001453523,,,0.2862903226,0.0100774666,0.2830882353,0.0099683103,30112.341772,29825.0,1063.2911392,1000.0,28261.075949,29825.0,1000.0,1000.0,0.0054572753,0.0700295681,4.7595205e-07,-1.875299e-07,77,85,13,78,0.1008981791
taq.csv,data\raw\taq\taq.csv,72,19/07/1993,AAPL,12:59:56,25.5,25.75,25.625,15:59:12,25.5,26.0,25.75,15:59:12,25.5,26.0,25.75,15:59:12,25.5,26.0,25.75,9:30:02,28.0,15:59:54,26.0,7134500,188053825.0,16:36:41,25.875,12:59:59,25.75,15:59:54,26.0,26.0,15:59:54,26.0,15:59:54,-0.008888947,-0.074107972,,513,6645,6586,7210900,7134500,28250.0,188053825.0,0,0,0,0,0,0,0,0,0,4338,2307,3342200,3868700,88410287.5,101613112.5,0.3013544018,0.011314563,0.3286493604,0.0122891736,-0.027294959,-0.000974611,0.2454059359,0.2435514291,0.009262741,0.0091991693,0.2234845858,0.2257114782,0.008438914,0.0085166603,0.0196944577,0.0200668433,2.88497e-05,0.0196609013,8.34985e-05,1.86627e-05,,,0.3177083333,0.0120113777,0.3177083333,0.0120113777,26552.083333,26234.375,1000.0,1000.0,26552.083333,26234.375,1000.0,1000.0,0.1784107026,0.2093701324,1.142094e-06,8.884323e-07,78,87,13,78,0.107121756
taq.csv,data\raw\taq\taq.csv,73,20/07/1993,AAPL,12:54:53,27.25,27.5,27.375,15:51:22,26.75,27.0,26.875,15:51:22,26.75,27.0,26.875,15:51:22,26.75,27.0,26.875,9:30:05,26.25,15:59:56,27.0,4734500,127190662.5,16:51:01,27.0,12:59:59,27.25,15:59:56,27.0,27.0,15:59:56,27.0,15:59:56,,0.028170877,,90,4043,4023,4751200,4734500,0.0,127190662.5,0,0,0,0,0,0,0,0,0,2709,1334,2178000,2573200,58696412.5,68942487.5,0.2483613653,0.0092351009,0.2282958199,0.0084787788,0.0200655454,0.0007563221,0.2132296292,0.2133960894,0.0079406205,0.0079484469,0.1785575223,0.1786269825,0.0066412622,0.0066424664,0.0346026466,0.0348385671,4.86583e-05,0.0348743398,4.49929e-05,2.12179e-05,,,0.3273809524,0.0121785101,0.3273809524,0.0121785101,27069.444444,26742.063492,1000.0,1000.0,27069.444444,26742.063492,1000.0,1000.0,0.0646957993,0.0297179458,2.5752153e-07,3.2876048e-07,78,84,13,78,0.0855525618
taq.csv,data\raw\taq\taq.csv,74,21/07/1993,AAPL,12:53:40,26.0,26.25,26.125,15:46:05,26.0,26.25,26.125,15:46:05,26.0,26.25,26.125,15:46:05,26.0,26.25,26.125,9:30:10,26.0,15:59:51,26.125,4040000,105530325.0,16:50:01,26.0,12:59:54,26.25,15:59:51,26.125,26.125,15:59:51,26.125,15:59:51,,0.0047961723,,80,3428,3394,4082900,4040100,0.0,105532950.0,0,0,0,0,0,0,0,0,0,2206,1222,1952300,2130600,51094900.0,55556100.0,0.2444209452,0.009353383,0.1932978413,0.0073965323,0.0511231039,0.0019568507,0.2198192147,0.2199110926,0.0084143154,0.0084182252,0.1828755296,0.1827424848,0.0069972573,0.0069918359,0.0370767298,0.037035563,5.43986e-05,0.0371571331,4.06187e-05,2.07106e-05,,,0.3289473684,0.0125925737,0.3289473684,0.0125925737,26289.473684,25960.526316,1000.0,1000.0,26289.473684,25960.526316,1000.0,1000.0,0.0119116269,0.1944905234,-7.160276e-07,-7.153814e-07,78,85,13,78,0.0996084602
taq.csv,data\raw\taq\taq.csv,75,22/07/1993,AAPL,12:33:06,26.25,26.75,26.5,15:54:29,26.25,26.5,26.375,15:54:29,26.25,26.5,26.375,15:54:29,26.25,26.5,26.375,9:30:01,26.0,15:59:51,26.5,1852100,48857162.5,16:50:09,26.875,12:59:23,26.75,15:59:51,26.5,26.5,15:59:51,26.5,15:59:51,,0.019048195,,23,1837,1808,1888900,1852100,0.0,48857162.5,0,0,0,0,0,0,0,0,0,1135,702,974800,914100,25775575.0,24056287.5,0.2883777899,0.0109477704,0.2606151334,0.0099022337,0.0277626565,0.0010455367,0.2415734762,0.2418074011,0.0091687773,0.00917872,0.1993488274,0.1989927253,0.0075764369,0.0075620087,0.0425807509,0.0424585738,6.07353e-05,0.0423888355,7.07092e-05,2.30247e-05,,,0.3671875,0.0138840812,0.3671875,0.0138840812,26617.1875,26250.0,1000.0,1000.0,26617.1875,26250.0,1000.0,1000.0,0.0588924925,0.0644163567,5.4047024e-07,5.4138252e-07,78,85,13,78,0.0920814432
taq.csv,data\raw\taq\taq.csv,76,23/07/1993,AAPL,12:54:31,26.75,27.0,26.875,15:51:52,26.75,26.25,26.5,15:51:52,26.75,26.25,26.5,15:51:52,26.75,26.25,26.5,9:30:02,27.0,15:59:56,26.25,1971100,52915575.0,16:22:31,27.0,12:58:40,27.0,15:59:56,26.25,26.25,15:59:56,26.25,15:59:56,-0.022884294,-0.028170877,,404,1850,1827,2087800,1971500,110500.0,52926075.0,0,0,0,0,0,0,0,0,0,813,1037,673100,1414700,18248437.5,37737900.0,0.3922972973,0.014653411,0.3718918919,0.0138974258,0.0204054054,0.0007559852,0.4508586582,0.4559943481,0.0168785088,0.0170730772,0.4212687997,0.4158890216,0.0157870338,0.0155834591,0.0349696366,0.0347255484,4.79582e-05,0.0347279874,3.85141e-05,1.70321e-05,,,0.3,0.0111377091,0.2954545455,0.0109708621,26864.285714,26778.571429,1000.0,1000.0,26864.285714,26778.571429,1000.0,1000.0,0.1618714876,0.0750834488,1.8160697e-06,1.9932052e-06,78,84,13,78,0.113724877
taq.csv,data\raw\taq\taq.csv,77,26/07/1993,AAPL,11:37:03,26.5,27.0,26.75,15:32:49,26.75,27.0,26.875,15:32:49,26.75,27.0,26.875,15:32:49,26.75,27.0,26.875,9:30:03,26.75,15:59:56,26.75,1335000,35937387.5,16:37:13,27.0,12:59:58,26.5,15:59:56,26.75,26.75,15:59:56,26.75,15:59:56,,0.0,,28,1302,1276,1365500,1335000,0.0,35937387.5,0,0,0,0,0,0,0,0,0,858,444,814000,551500,21937200.0,14819062.5,0.2490399386,0.009263919,0.2394393241,0.0089078714,0.0096006144,0.0003560477,0.211316881,0.2112962285,0.0078573223,0.0078570356,0.1820944709,0.1821658962,0.0067697546,0.006771959,0.0291509848,0.0292017576,4.03926e-05,0.0292155967,4.85458e-05,1.92858e-05,,,0.3235294118,0.0120543731,0.3157894737,0.0117556659,32500.0,26750.0,1200.0,1000.0,27050.0,26750.0,1000.0,1000.0,2.39469e-05,0.1199945813,-3.043985e-07,-3.54487e-07,78,84,13,78,0.1194367824
taq.csv,data\raw\taq\taq.csv,78,27/07/1993,AAPL,12:42:17,26.75,27.0,26.875,15:57:21,26.25,26.5,26.375,15:57:21,26.25,26.5,26.375,15:57:21,26.25,26.5,26.375,9:30:07,26.75,15:59:40,26.5,1689300,45524362.5,16:46:49,26.75,12:59:45,26.75,15:59:40,26.5,26.5,15:59:40,26.5,15:59:40,,-0.00938974,,18,1551,1518,1773300,1689300,0.0,45524362.5,0,0,0,0,0,0,0,0,0,956,595,778800,994500,21058287.5,26681500.0,0.251934236,0.0093400553,0.2343649259,0.0086872664,0.0175693101,0.0006527889,0.219921512,0.2195201038,0.0081589343,0.0081449516,0.1893926578,0.1899232113,0.0070230831,0.0070419446,0.0299983007,0.030127446,4.16719e-05,0.0300709699,5.0797e-05,2.39887e-05,,,0.3189655172,0.011795482,0.3189655172,0.011795482,27172.413793,26853.448276,1000.0,1000.0,27172.413793,26853.448276,1000.0,1000.0,0.0609276194,0.1233657169,2.4873153e-07,1.9454361e-07,78,84,13,78,0.0932864873
taq.csv,data\raw\taq\taq.csv,79,28/07/1993,AAPL,11:42:06,26.75,27.0,26.875,14:21:21,26.75,27.0,26.875,14:21:21,26.75,27.0,26.875,14:21:21,26.75,27.0,26.875,9:30:12,26.25,15:58:58,27.0,800800,21409800.0,16:51:26,26.875,12:57:36,27.0,15:58:58,27.0,27.0,15:58:58,27.0,15:58:58,,0.028170877,,7,918,900,819600,800800,0.0,21409800.0,0,0,0,0,0,0,0,0,0,593,325,412300,407300,11047837.5,10867400.0,0.2325708061,0.0087124389,0.2053376906,0.0076910041,0.0272331155,0.0010214348,0.2000477408,0.200250122,0.0074907483,0.007498748,0.1658735969,0.1657282975,0.0062091041,0.0062032755,0.0343194433,0.0343765251,4.82309e-05,0.0344256594,4.2921e-05,2.2071e-05,,,0.34375,0.0129115139,0.34375,0.0129115139,26796.875,26453.125,1000.0,1000.0,26796.875,26453.125,1000.0,1000.0,0.0004018084,0.2598462317,1.1854079e-06,1.1576552e-06,78,82,13,78,0.087669127
taq.csv,data\raw\taq\taq.csv,80,29/07/1993,AAPL,12:57:15,27.25,27.5,27.375,15:27:12,27.25,27.5,27.375,15:27:12,27.25,27.5,27.375,15:27:12,27.25,27.5,27.375,9:30:17,27.0,15:59:19,27.5,1048100,28506662.5,16:47:17,27.5,12:59:55,27.5,15:59:19,27.5,27.5,15:59:19,27.5,15:59:19,,0.0183491387,,9,1126,1101,1083700,1048100,0.0,28506662.5,0,0,0,0,0,0,0,0,0,702,424,569600,514100,15545500.0,13935300.0,0.2544404973,0.0093561124,0.2391207815,0.008790546,0.0153197158,0.0005655664,0.2164182917,0.2164344376,0.0079570698,0.0079579489,0.1967795515,0.1968026648,0.0072330964,0.0072336746,0.019615627,0.019654886,2.66452e-05,0.0196791246,4.48591e-05,1.72483e-05,,,0.28125,0.0103425313,0.2794117647,0.0102763033,27323.529412,38161.764706,1000.0,1529.4117647,27323.529412,27044.117647,1000.0,1000.0,0.0029424449,0.0081693127,-3.828259e-08,-1.399978e-07,78,84,13,78,0.0940026208
taq.csv,data\raw\taq\taq.csv,81,30/07/1993,AAPL,11:19:45,27.75,28.0,27.875,15:54:18,27.5,27.75,27.625,15:54:18,27.5,27.75,27.625,15:54:18,27.5,27.75,27.625,9:30:04,27.5,15:59:03,27.75,1850000,51444012.5,16:16:19,27.75,12:59:27,28.0,15:59:03,27.75,27.75,15:59:03,27.75,15:59:03,,0.0090498355,,15,2203,2178,1914700,1850000,0.0,51444012.5,0,0,0,0,0,0,0,0,0,1532,671,1037800,876900,28915400.0,24321175.0,0.2280980481,0.0082064211,0.2048343168,0.0073700079,0.0232637313,0.0008364132,0.1964061479,0.1963884682,0.0070680859,0.0070678759,0.1647124876,0.1646752609,0.0059298443,0.005928129,0.0317308871,0.0316759806,4.09303e-05,0.0316955124,2.67019e-05,2.11919e-05,,,0.34375,0.012352666,0.34375,0.012352666,27984.375,27640.625,1000.0,1000.0,27984.375,27640.625,1000.0,1000.0,0.0001026055,0.2582838763,1.2515638e-06,1.2439349e-06,78,82,13,78,0.1098276712
taq.csv,data\raw\taq\taq.csv,82,02/08/1993,AAPL,12:59:05,29.0,29.25,29.125,14:51:56,28.25,28.5,28.375,14:51:56,28.25,28.5,28.375,14:51:56,28.25,28.5,28.375,9:30:02,28.25,15:59:22,28.5,1915500,54875775.0,16:12:29,28.5,12:59:49,29.25,15:59:22,28.5,28.5,15:59:22,28.5,15:59:22,,0.0088106297,,66,2281,2271,1931300,1915500,0.0,54875775.0,0,0,0,0,0,0,0,0,0,1521,760,1026100,905200,29464062.5,25861937.5,0.2662757562,0.0092949865,0.2304910127,0.0080453916,0.0357847435,0.0012495949,0.2236071196,0.2236964739,0.0078128848,0.0078164834,0.1803060115,0.1801077929,0.0063032512,0.0062959026,0.0434993267,0.0433904624,5.28234e-05,0.0434570278,3.77139e-05,1.66293e-05,,,0.3541666667,0.0123515761,0.3541666667,0.0123515761,28851.190476,28497.02381,1000.0,1000.0,28851.190476,28497.02381,1000.0,1000.0,0.005692152,0.1601092341,-7.67994e-07,-7.850126e-07,78,81,13,78,0.0978169857
taq.csv,data\raw\taq\taq.csv,83,03/08/1993,AAPL,12:08:25,28.75,29.25,29.0,15:25:17,28.75,29.0,28.875,15:25:17,28.75,29.0,28.875,15:25:17,28.75,29.0,28.875,9:30:17,29.0,15:59:58,29.0,1570000,45541425.0,16:50:29,29.125,12:59:25,29.25,15:59:58,29.0,29.0,15:59:58,29.0,15:59:58,,0.0,,13,1912,1904,1575700,1570000,0.0,45541425.0,0,0,0,0,0,0,0,0,0,1414,498,851600,724100,24760475.0,20945937.5,0.2735355649,0.0094232691,0.2632060669,0.0090669122,0.0103294979,0.000356357,0.2179374858,0.2178238243,0.0075150535,0.0075112733,0.2011486958,0.2012917088,0.0069361486,0.0069409422,0.016645777,0.0166751285,1.98271e-05,0.0166532777,3.21275e-05,2.02684e-05,,,0.3125,0.0107730324,0.3125,0.0107730324,29166.666667,28854.166667,1000.0,1000.0,29166.666667,28854.166667,1000.0,1000.0,0.0,0.3580215375,-1.564733e-07,-1.58592e-07,78,81,13,78,0.1157584009
taq.csv,data\raw\taq\taq.csv,84,04/08/1993,AAPL,12:55:27,29.5,29.75,29.625,15:30:20,30.25,30.5,30.375,15:30:20,30.25,30.5,30.375,15:30:20,30.25,30.5,30.375,9:30:06,29.25,15:59:28,30.25,2137100,63793050.0,16:28:42,30.25,12:59:54,29.75,15:59:28,30.25,30.25,15:59:28,30.25,15:59:28,,0.0336166108,,30,2233,2212,2169600,2137100,0.0,63793050.0,0,0,0,0,0,0,0,0,0,1399,834,1109700,1059900,33234875.0,31543600.0,0.2549261084,0.0085406916,0.2226824899,0.0074534397,0.0322436185,0.0010872519,0.2040609361,0.2040122603,0.0068338536,0.0068334098,0.1701811394,0.170287034,0.005696515,0.0056990014,0.0337739021,0.0338311209,3.80776e-05,0.0338836623,3.47788e-05,1.7957e-05,,,0.3166666667,0.0106458478,0.3189655172,0.0107267804,29905.172414,29586.206897,1000.0,1000.0,29905.172414,29586.206897,1000.0,1000.0,0.0669631022,0.0641096077,-9.270423e-07,-1.065629e-06,78,83,13,78,0.0992084121
taq.csv,data\raw\taq\taq.csv,85,05/08/1993,AAPL,12:46:22,29.75,30.25,30.0,14:54:31,29.25,29.5,29.375,14:54:31,29.25,29.5,29.375,14:54:31,29.25,29.5,29.375,9:30:00,30.75,15:58:23,29.5,1847100,55442387.5,16:47:52,30.0,12:59:36,30.25,15:58:23,29.5,29.5,15:58:23,29.5,15:58:23,0.0081633106,-0.041499731,,33,2059,2035,1872400,1847100,213750.0,55442387.5,0,0,0,0,0,0,0,0,0,1393,666,917700,954700,27654662.5,28541825.0,0.2444147644,0.0081489163,0.2398008742,0.0079911795,0.0046138902,0.0001577368,0.229298695,0.229371395,0.0076418287,0.0076463697,0.1959784234,0.1962176684,0.0065284884,0.0065343971,0.0330810266,0.0333929716,3.72465e-05,0.0332374317,4.33221e-05,1.61063e-05,,,0.325,0.0108344547,0.3157894737,0.0105274758,30171.052632,29855.263158,1000.0,1000.0,30171.052632,29855.263158,1000.0,1000.0,0.0004608144,0.1687850575,5.6544254e-07,5.2290141e-07,78,85,13,78,0.1288277807
taq.csv,data\raw\taq\taq.csv,86,06/08/1993,AAPL,12:09:31,29.75,30.0,29.875,15:47:41,29.25,29.5,29.375,15:47:41,29.25,29.5,29.375,15:47:41,29.25,29.5,29.375,9:30:10,29.25,15:59:36,29.25,1054500,31444850.0,16:44:07,29.375,12:59:26,30.0,15:59:36,29.25,29.25,15:59:36,29.25,15:59:36,,0.0,,27,1118,1100,1124300,1054500,0.0,31444850.0,0,0,0,0,0,0,0,0,0,665,453,575800,548500,17184350.0,16323550.0,0.2439624329,0.0081870641,0.2095259392,0.0070315567,0.0344364937,0.0011555075,0.2160606156,0.2161789558,0.0072566498,0.0072609893,0.1719292004,0.1717899921,0.0057769373,0.0057719366,0.0442706235,0.0442497554,4.97948e-05,0.0442494199,3.28289e-05,1.84981e-05,,,0.2631578947,0.0088202059,0.2631578947,0.0088202059,29960.526316,29697.368421,1000.0,1000.0,29960.526316,29697.368421,1000.0,1000.0,0.3311014609,0.0850145373,1.0319488e-07,9.4845095e-08,78,85,13,78,0.0846967196
taq.csv,data\raw\taq\taq.csv,87,09/08/1993,AAPL,11:55:19,29.75,30.0,29.875,15:49:23,29.5,29.75,29.625,15:49:23,29.5,29.75,29.625,15:49:23,29.5,29.75,29.625,9:30:14,29.25,15:58:54,29.5,1389700,41286700.0,16:20:42,29.75,12:59:49,29.875,15:58:54,29.5,29.5,15:58:54,29.5,15:58:54,,0.0085106897,,17,1157,1137,1441400,1390000,0.0,41295587.5,0,0,0,0,0,0,0,0,0,693,464,679600,761800,20261612.5,22563125.0,0.2288245462,0.0077041975,0.2061365601,0.0069365882,0.0226879862,0.0007676093,0.2179353697,0.2181039267,0.0073381383,0.0073444456,0.1929547662,0.1929136898,0.0064930616,0.0064911341,0.0250216799,0.0251491605,2.8656e-05,0.0251649315,3.20212e-05,1.88288e-05,,,0.3035714286,0.0102531886,0.3035714286,0.0102531886,29750.0,29446.428571,1000.0,1000.0,29750.0,29446.428571,1000.0,1000.0,0.1528563777,0.0257696228,4.3484096e-07,4.3610966e-07,78,82,13,78,0.0999319484
taq.csv,data\raw\taq\taq.csv,88,10/08/1993,AAPL,12:40:53,28.5,29.0,28.75,15:41:29,28.25,28.5,28.375,15:41:29,28.25,28.5,28.375,15:41:29,28.25,28.5,28.375,9:30:15,29.5,15:59:53,28.5,1333500,38575337.5,16:44:55,28.125,12:59:34,28.75,15:59:53,28.5,28.5,15:59:53,28.5,15:59:53,-0.008438869,-0.034486176,,29,1353,1324,1364100,1333500,89250.0,38575337.5,0,0,0,0,0,0,0,0,0,798,555,621100,743000,18034125.0,21412625.0,0.2505543237,0.0086668795,0.2283813747,0.0079035639,0.022172949,0.0007633156,0.2220441957,0.2219778609,0.0076736889,0.0076726674,0.2008650392,0.2012238017,0.0069393581,0.0069505047,0.0208203939,0.0211128216,2.53584e-05,0.0209128855,4.03186e-05,1.65743e-05,,,0.375,0.0129690162,0.375,0.0129690162,29115.384615,28740.384615,1000.0,1000.0,29115.384615,28740.384615,1000.0,1000.0,0.160713899,0.0621830736,-8.225903e-07,-9.780364e-07,78,83,13,78,0.1099056687
taq.csv,data\raw\taq\taq.csv,89,11/08/1993,AAPL,12:33:34,27.0,27.25,27.125,15:55:51,27.25,27.5,27.375,15:55:51,27.25,27.5,27.375,15:55:51,27.25,27.5,27.375,9:30:13,28.5,15:59:55,27.375,1452200,40054850.0,16:22:10,27.5,12:59:41,27.25,15:59:55,27.375,27.375,15:59:55,27.375,15:59:55,,-0.040273899,,44,1550,1526,1490800,1452900,0.0,40074012.5,0,0,0,0,0,0,0,0,0,970,580,789500,701300,21830275.0,19282387.5,0.2490322581,0.0090110434,0.2308064516,0.0083423491,0.0182258065,0.0006686943,0.2238923197,0.2234370808,0.0081095044,0.0080941595,0.1420210625,0.1423841286,0.0051491468,0.0051614645,0.0815081911,0.0814160182,0.0001067901,0.0812998189,4.34487e-05,1.95089e-05,,,0.3125,0.0113045986,0.3125,0.0113045986,27785.714286,27473.214286,1000.0,1000.0,27785.714286,27473.214286,1000.0,1000.0,0.2132642374,0.0027460184,1.280684e-06,1.4879848e-06,78,83,13,78,0.1442359087
taq.csv,data\raw\taq\taq.csv,90,12/08/1993,AAPL,12:59:23,26.25,26.5,26.375,15:45:29,26.25,26.5,26.375,15:45:29,26.25,26.5,26.375,15:45:29,26.25,26.5,26.375,9:30:09,27.5,15:59:50,26.5,3005800,79517375.0,16:30:14,26.5,12:59:53,26.5,15:59:50,26.5,26.5,15:59:50,26.5,15:59:50,,-0.037041272,,144,2002,1981,3019900,3005800,0.0,79517375.0,0,0,0,0,0,0,0,0,0,1335,667,1303300,1716600,34675825.0,45214912.5,0.2483766234,0.0093371557,0.2574925075,0.0096749443,-0.009115884,-0.000337789,0.2149261593,0.2144276301,0.0081141771,0.0080973822,0.1897662174,0.1902062254,0.0071729713,0.0071877796,0.0247199339,0.0246614126,3.49431e-05,0.024507624,3.85187e-05,1.78699e-05,,,0.2980769231,0.0112148429,0.3035714286,0.0114326019,34034.482759,26439.655172,1275.862069,1000.0,26724.137931,26439.655172,1000.0,1000.0,0.1538408053,0.2012017782,5.1102711e-07,4.8075026e-07,78,83,13,78,0.1174282586
taq.csv,data\raw\taq\taq.csv,91,13/08/1993,AAPL,12:18:04,27.25,27.75,27.5,15:44:51,27.25,27.5,27.375,15:44:51,27.25,27.5,27.375,15:44:51,27.25,27.5,27.375,9:30:09,26.5,15:59:59,27.25,1206400,32814887.5,16:11:56,27.75,12:59:17,27.5,15:59:59,27.25,27.25,15:59:59,27.25,15:59:59,,0.0279087881,,10,1097,1081,1239400,1206400,0.0,32814887.5,0,0,0,0,0,0,0,0,0,709,388,706400,533000,19231162.5,14485737.5,0.2415679125,0.0088677328,0.208295351,0.0076392963,0.0332725615,0.0012284364,0.2125225962,0.212078425,0.0078046897,0.0077901713,0.1715346135,0.1723411516,0.0062894983,0.0063177796,0.0401814446,0.0405438115,5.51633e-05,0.0404502182,4.17734e-05,1.89693e-05,,,0.2991071429,0.0110135217,0.2991071429,0.0110135217,27285.714286,26986.607143,1000.0,1000.0,27285.714286,26986.607143,1000.0,1000.0,0.0598964442,0.3641808176,1.141374e-06,9.9024699e-07,78,81,13,78,0.1049296735
taq.csv,data\raw\taq\taq.csv,92,16/08/1993,AAPL,12:40:43,27.25,27.5,27.375,15:57:24,27.5,27.75,27.625,15:57:24,27.5,27.75,27.625,15:57:24,27.5,27.75,27.625,9:30:15,27.5,15:59:04,27.5,884300,24394737.5,16:26:04,27.875,12:59:24,27.5,15:59:04,27.5,27.5,15:59:04,27.5,15:59:04,,0.0,,7,891,874,914700,884300,0.0,24394737.5,0,0,0,0,0,0,0,0,0,550,341,548500,366200,15164825.0,10072137.5,0.2348484848,0.008520007,0.2135241302,0.007746727,0.0213243547,0.00077328,0.2232005189,0.223078605,0.0080929128,0.0080886795,0.1969224882,0.1970313137,0.007142986,0.00714678,0.0261692052,0.0261561168,3.42761e-05,0.0261042072,4.04518e-05,2.48979e-05,,,0.3157894737,0.0114490829,0.3157894737,0.0114490829,27723.684211,27407.894737,1000.0,1000.0,27723.684211,27407.894737,1000.0,1000.0,0.0067953617,0.1904716701,5.798795e-07,5.4938982e-07,78,83,13,78,0.094809462
taq.csv,data\raw\taq\taq.csv,93,17/08/1993,AAPL,12:55:08,27.75,28.0,27.875,15:56:16,28.25,28.0,28.125,15:56:16,28.25,28.0,28.125,15:56:16,28.25,28.0,28.125,9:30:08,27.75,15:59:58,28.375,923700,25870475.0,16:36:31,28.375,12:58:26,28.0,15:59:58,28.375,28.375,15:59:58,28.375,15:59:58,,0.0222726356,,386,930,910,965900,923700,0.0,25870475.0,0,0,0,0,0,0,0,0,0,765,165,775500,190400,21792012.5,5274950.0,0.4841397849,0.0172875319,0.4698924731,0.0167780325,0.0142473118,0.0005094994,0.4562588294,0.4540066259,0.0162903621,0.0162108271,0.4365876385,0.4389082262,0.0155868523,0.0156688457,0.0173506032,0.0174189875,2.22669e-05,0.0174164605,4.95286e-05,1.10022e-05,,,0.28125,0.0101104083,0.275,0.0098820607,28833.333333,27840.909091,1060.6060606,1000.0,27984.848485,27840.909091,1000.0,1000.0,0.0035237776,0.0016299768,1.0888595e-06,1.4268839e-06,78,83,13,78,0.1085001525
taq.csv,data\raw\taq\taq.csv,94,18/08/1993,AAPL,11:07:32,28.75,29.0,28.875,15:51:36,28.5,28.75,28.625,15:51:36,28.5,28.75,28.625,15:51:36,28.5,28.75,28.625,9:30:10,29.0,15:59:41,28.75,1661800,48276087.5,16:41:49,28.5,12:59:54,29.0,15:59:41,28.75,28.75,15:59:41,28.75,15:59:41,0.0086580627,-0.008658063,,40,1421,1399,1685000,1661800,57500.0,48276087.5,0,0,0,0,0,0,0,0,0,795,626,805900,879100,23478525.0,25460487.5,0.2417311752,0.0083197122,0.2199155524,0.0075712707,0.0218156228,0.0007484415,0.2144438831,0.2142136499,0.0073758006,0.0073687993,0.1652522255,0.1653849907,0.0056840417,0.0056879507,0.0490588924,0.0489614243,5.80072e-05,0.0490217848,3.76503e-05,1.57398e-05,,,0.2931034483,0.0100959471,0.2954545455,0.0101750152,30036.764706,28889.705882,1058.8235294,1000.0,29176.470588,28889.705882,1000.0,1000.0,0.0700953941,0.3491903558,1.0121287e-06,9.9011409e-07,78,84,13,78,0.1232362063
taq.csv,data\raw\taq\taq.csv,95,19/08/1993,AAPL,12:59:17,27.75,28.0,27.875,15:56:03,27.5,27.75,27.625,15:56:03,27.5,27.75,27.625,15:56:03,27.5,27.75,27.625,9:30:08,28.625,15:59:45,27.5,1353800,37879912.5,16:56:02,28.0,12:59:55,28.0,15:59:45,27.5,27.5,15:59:45,27.5,15:59:45,,-0.040094457,,40,1058,1046,1358300,1353800,0.0,37879912.5,0,0,0,0,0,0,0,0,0,590,467,616100,741200,17277012.5,20698575.0,0.254489603,0.0090911379,0.190397351,0.0067950409,0.064333018,0.0023046979,0.2047310874,0.2044467349,0.0073109579,0.0073014326,0.1558933962,0.1564206534,0.0055584287,0.0055765723,0.048310434,0.0485533387,6.22963e-05,0.0485268054,4.92588e-05,2.11232e-05,,,0.3488372093,0.0124650263,0.3488372093,0.0124650263,28168.604651,27819.767442,1000.0,1000.0,28168.604651,27819.767442,1000.0,1000.0,0.0441915768,0.2257462088,1.4722343e-06,1.4125541e-06,78,82,13,78,0.0979717749
taq.csv,data\raw\taq\taq.csv,96,20/08/1993,AAPL,12:51:09,27.25,27.5,27.375,15:53:20,27.75,28.0,27.875,15:53:20,27.75,28.0,27.875,15:53:20,27.75,28.0,27.875,9:30:05,27.75,15:59:51,28.0,887300,24360850.0,17:03:20,27.75,12:59:12,27.5,15:59:51,28.0,28.0,15:59:51,28.0,15:59:51,,0.00896867,-0.00896867,12,958,948,892300,887300,0.0,24360850.0,0,0,0,0,0,0,0,0,0,570,388,454100,438200,12507262.5,11992850.0,0.2246868476,0.0081736332,0.1993736952,0.0072520827,0.0253131524,0.0009215505,0.1947298456,0.1946514625,0.0070919698,0.0070893924,0.1544603833,0.1545159997,0.00562399,0.0056257952,0.040213846,0.0401910792,5.33703e-05,0.0402571367,3.43621e-05,1.80635e-05,,,0.2864583333,0.0104159088,0.2932692308,0.0106749079,27625.0,29408.653846,1000.0,1076.9230769,27625.0,27331.730769,1000.0,1000.0,0.0409918099,0.252890333,1.5572321e-06,1.5445701e-06,78,83,13,78,0.1345474138
taq.csv,data\raw\taq\taq.csv,97,23/08/1993,AAPL,12:48:47,28.0,28.5,28.25,14:57:31,28.25,28.5,28.375,14:57:31,28.25,28.5,28.375,14:57:31,28.25,28.5,28.375,9:30:04,28.0,15:59:33,28.375,765500,21629825.0,16:22:35,28.25,12:59:45,28.0,15:59:33,28.375,28.375,15:59:33,28.375,15:59:33,,0.0133039656,,17,664,645,814100,765500,0.0,21629825.0,0,0,0,0,0,0,0,0,0,354,310,409800,404300,11631525.0,11381325.0,0.2454819277,0.0086894319,0.2242093373,0.007934686,0.0212725904,0.0007547458,0.1990212126,0.1991616509,0.0070448022,0.0070500671,0.2023553617,0.2021516647,0.0071616543,0.0071541312,-0.003130452,-0.003193711,-3.947498e-06,-0.003090493,4.41216e-05,2.12518e-05,,,0.2989130435,0.0105826626,0.3011363636,0.0106560259,28403.409091,28102.272727,1000.0,1000.0,28403.409091,28102.272727,1000.0,1000.0,0.0002803243,0.0028457526,-1.653688e-06,-1.660046e-06,78,82,13,78,0.1293147606
taq.csv,data\raw\taq\taq.csv,98,24/08/1993,AAPL,12:26:51,28.25,28.5,28.375,14:28:38,27.75,28.0,27.875,14:28:38,27.75,28.0,27.875,14:28:38,27.75,28.0,27.875,9:30:15,28.25,15:59:51,28.0,886800,24968787.5,16:22:20,28.25,12:58:10,28.25,15:59:51,28.0,28.0,15:59:51,28.0,15:59:51,0.0088889474,-0.008888947,,11,870,849,904100,886800,28000.0,24968787.5,0,0,0,0,0,0,0,0,0,476,394,483400,420700,13638987.5,11812962.5,0.2209770115,0.0078464035,0.199137931,0.0070729935,0.0218390805,0.00077341,0.212191502,0.2120064152,0.0075361558,0.0075300245,0.174648822,0.1745782249,0.0062092731,0.0062063966,0.0376132772,0.0373575932,4.69155e-05,0.0374349771,3.4057e-05,2.05193e-05,,,0.296875,0.0104875268,0.296875,0.0104875268,28437.5,28140.625,1000.0,1000.0,28437.5,28140.625,1000.0,1000.0,0.1323685806,0.2633831102,1.4612019e-06,1.5281283e-06,78,83,13,78,0.0978173441
taq.csv,data\raw\taq\taq.csv,99,25/08/1993,AAPL,11:10:01,27.75,28.0,27.875,15:33:55,27.0,27.25,27.125,15:33:55,27.0,27.25,27.125,15:33:55,27.0,27.25,27.125,9:30:08,28.0,15:59:57,27.25,1272000,34986062.5,16:24:29,27.125,12:59:15,27.875,15:59:57,27.25,27.25,15:59:57,27.25,15:59:57,0.0044742804,-0.027150989,,22,1073,1053,1301500,1272000,139375.0,34986062.5,0,0,0,0,0,0,0,0,0,443,628,439500,857000,12160987.5,23490662.5,0.2208760485,0.0080278173,0.1958450047,0.0071233052,0.0254435107,0.0009195034,0.230260851,0.2301575106,0.0083515166,0.0083497192,0.2092777564,0.2092858824,0.0075954587,0.0075939,0.0209749686,0.0208797541,2.74278e-05,0.0208343257,2.86447e-05,1.52348e-05,,,0.2678571429,0.0097153453,0.28125,0.0102237893,27632.352941,32132.352941,1000.0,1117.6470588,27632.352941,27367.647059,1000.0,1000.0,0.1422143227,0.1338477861,1.0579138e-06,9.3459553e-07,78,84,13,78,0.1009438848
taq.csv,data\raw\taq\taq.csv,100,26/08/1993,AAPL,11:45:39,26.5,26.75,26.625,14:53:26,26.75,27.0,26.875,14:53:26,26.75,27.0,26.875,14:53:26,26.75,27.0,26.875,9:30:11,27.25,15:59:18,26.875,1511900,40515400.0,16:17:01,26.875,12:58:59,26.75,15:59:18,26.875,26.875,15:59:18,26.875,15:59:18,,-0.013857035,,19,945,927,1572700,1511900,0.0,40515400.0,0,0,0,0,0,0,0,0,0,598,347,832800,739900,22388737.5,19758187.5,0.226984127,0.0084686117,0.2253968254,0.008408679,0.0015873016,5.99328e-05,0.1853010332,0.1853182425,0.0069192786,0.0069201651,0.1920582438,0.1920457424,0.0071716378,0.0071709158,-0.006744709,-0.006740001,-9.383631e-06,-0.006743648,3.77818e-05,2.31759e-05,,,0.25,0.009328758,0.25,0.009328758,26925.0,26675.0,1000.0,1000.0,26925.0,26675.0,1000.0,1000.0,0.3873461006,0.362537512,5.6644045e-07,6.2852679e-07,78,81,13,78,0.1105592079
