date,row_count,weekday,date_gap_days
1993-01-02,17,Saturday,
1993-01-03,17,Sunday,1.0
1993-01-04,17,Monday,1.0
1993-01-06,21,Wednesday,2.0
1993-01-07,21,Thursday,1.0
1993-01-09,21,Saturday,2.0
1993-01-10,21,Sunday,1.0
1993-01-11,21,Monday,1.0
1993-01-12,21,Tuesday,1.0
1993-02-02,17,Tuesday,21.0
1993-02-03,17,Wednesday,1.0
1993-02-04,17,Thursday,1.0
1993-02-06,21,Saturday,2.0
1993-02-07,21,Sunday,1.0
1993-02-08,21,Monday,1.0
1993-02-09,21,Tuesday,1.0
1993-02-11,21,Thursday,2.0
1993-02-12,21,Friday,1.0
1993-03-02,17,Tuesday,18.0
1993-03-03,17,Wednesday,1.0
1993-03-05,21,Friday,2.0
1993-03-06,21,Saturday,1.0
1993-03-08,21,Monday,2.0
1993-03-09,21,Tuesday,1.0
1993-03-11,21,Thursday,2.0
1993-03-12,21,Friday,1.0
1993-04-01,16,Thursday,20.0
1993-04-02,17,Friday,1.0
1993-04-03,17,Saturday,1.0
1993-04-05,21,Monday,2.0
1993-04-06,21,Tuesday,1.0
1993-04-08,21,Thursday,2.0
1993-04-10,21,Saturday,2.0
1993-04-11,21,Sunday,1.0
1993-05-01,16,Saturday,20.0
1993-05-02,17,Sunday,1.0
1993-05-03,17,Monday,1.0
1993-05-04,17,Tuesday,1.0
1993-05-05,21,Wednesday,1.0
1993-05-08,21,Saturday,3.0
1993-05-10,21,Monday,2.0
1993-05-11,21,Tuesday,1.0
1993-06-01,16,Tuesday,21.0
1993-06-04,21,Friday,3.0
1993-06-05,21,Saturday,1.0
1993-06-07,21,Monday,2.0
1993-06-08,21,Tuesday,1.0
1993-06-10,21,Thursday,2.0
1993-06-12,21,Saturday,2.0
1993-07-01,16,Thursday,19.0
1993-07-04,21,Sunday,3.0
1993-07-05,21,Monday,1.0
1993-07-06,21,Tuesday,1.0
1993-07-07,21,Wednesday,1.0
1993-07-09,21,Friday,2.0
1993-07-10,21,Saturday,1.0
1993-07-12,21,Monday,2.0
1993-08-01,16,Sunday,20.0
1993-08-02,17,Monday,1.0
1993-08-03,17,Tuesday,1.0
1993-08-04,21,Wednesday,1.0
1993-08-06,21,Friday,2.0
1993-08-07,21,Saturday,1.0
1993-08-09,21,Monday,2.0
1993-08-10,21,Tuesday,1.0
1993-08-11,21,Wednesday,1.0
1993-08-12,21,Thursday,1.0
1993-09-02,17,Thursday,21.0
1993-09-03,17,Friday,1.0
1993-09-06,21,Monday,3.0
1993-09-07,21,Tuesday,1.0
1993-09-08,21,Wednesday,1.0
1993-09-09,21,Thursday,1.0
1993-09-11,21,Saturday,2.0
1993-09-12,21,Sunday,1.0
1993-10-02,17,Saturday,20.0
1993-10-03,17,Sunday,1.0
1993-10-05,21,Tuesday,2.0
1993-10-06,21,Wednesday,1.0
1993-10-08,21,Friday,2.0
1993-10-09,21,Saturday,1.0
1993-10-11,21,Monday,2.0
1993-10-12,21,Tuesday,1.0
1993-11-01,16,Monday,20.0
1993-11-02,17,Tuesday,1.0
1993-11-03,17,Wednesday,1.0
1993-11-05,21,Friday,2.0
1993-11-06,21,Saturday,1.0
1993-11-08,21,Monday,2.0
1993-11-10,21,Wednesday,2.0
1993-11-11,21,Thursday,1.0
1993-12-01,16,Wednesday,20.0
1993-12-02,17,Thursday,1.0
1993-12-03,17,Friday,1.0
1993-12-04,21,Saturday,1.0
1993-12-05,21,Sunday,1.0
1993-12-07,21,Tuesday,2.0
1993-12-08,21,Wednesday,1.0
1993-12-10,21,Friday,2.0
1993-12-11,21,Saturday,1.0
1994-01-02,21,Sunday,22.0
1994-01-03,21,Monday,1.0
1994-01-06,21,Thursday,3.0
1994-01-07,21,Friday,1.0
1994-01-08,21,Saturday,1.0
1994-01-09,21,Sunday,1.0
1994-01-11,21,Tuesday,2.0
1994-01-12,21,Wednesday,1.0
1994-02-02,21,Wednesday,21.0
1994-02-03,21,Thursday,1.0
1994-02-05,21,Saturday,2.0
1994-02-06,21,Sunday,1.0
1994-02-08,21,Tuesday,2.0
1994-02-09,21,Wednesday,1.0
1994-02-11,21,Friday,2.0
1994-02-12,21,Saturday,1.0
1994-03-01,21,Tuesday,17.0
1994-03-02,21,Wednesday,1.0
1994-03-03,21,Thursday,1.0
1994-03-05,21,Saturday,2.0
1994-03-06,21,Sunday,1.0
1994-03-08,21,Tuesday,2.0
1994-03-10,21,Thursday,2.0
1994-03-11,21,Friday,1.0
1994-04-01,21,Friday,21.0
1994-04-02,21,Saturday,1.0
1994-04-03,21,Sunday,1.0
1994-04-04,21,Monday,1.0
1994-04-05,21,Tuesday,1.0
1994-04-08,21,Friday,3.0
1994-04-10,21,Sunday,2.0
1994-04-11,21,Monday,1.0
1994-05-01,21,Sunday,20.0
1994-05-04,21,Wednesday,3.0
1994-05-05,21,Thursday,1.0
1994-05-07,21,Saturday,2.0
1994-05-08,21,Sunday,1.0
1994-05-10,21,Tuesday,2.0
1994-05-12,21,Thursday,2.0
1994-06-01,21,Wednesday,20.0
1994-06-04,21,Saturday,3.0
1994-06-05,21,Sunday,1.0
1994-06-06,21,Monday,1.0
1994-06-07,21,Tuesday,1.0
1994-06-09,21,Thursday,2.0
1994-06-10,21,Friday,1.0
1994-06-12,21,Sunday,2.0
1994-07-01,21,Friday,19.0
1994-07-02,21,Saturday,1.0
1994-07-03,21,Sunday,1.0
1994-07-04,21,Monday,1.0
1994-07-06,21,Wednesday,2.0
1994-07-07,21,Thursday,1.0
1994-07-09,21,Saturday,2.0
1994-07-10,21,Sunday,1.0
1994-07-11,21,Monday,1.0
1994-07-12,21,Tuesday,1.0
1994-08-02,21,Tuesday,21.0
1994-08-03,21,Wednesday,1.0
1994-08-04,21,Thursday,1.0
1994-08-06,21,Saturday,2.0
1994-08-07,21,Sunday,1.0
1994-08-08,21,Monday,1.0
1994-08-09,21,Tuesday,1.0
1994-08-11,21,Thursday,2.0
1994-08-12,21,Friday,1.0
1994-09-02,21,Friday,21.0
1994-09-03,21,Saturday,1.0
1994-09-05,21,Monday,2.0
1994-09-06,21,Tuesday,1.0
1994-09-08,21,Thursday,2.0
1994-09-09,21,Friday,1.0
1994-09-11,21,Sunday,2.0
1994-09-12,21,Monday,1.0
1994-10-01,21,Saturday,19.0
1994-10-02,21,Sunday,1.0
1994-10-03,21,Monday,1.0
1994-10-05,21,Wednesday,2.0
1994-10-06,21,Thursday,1.0
1994-10-08,21,Saturday,2.0
1994-10-10,21,Monday,2.0
1994-10-11,21,Tuesday,1.0
1994-11-01,21,Tuesday,21.0
1994-11-02,21,Wednesday,1.0
1994-11-03,21,Thursday,1.0
1994-11-04,21,Friday,1.0
1994-11-05,21,Saturday,1.0
1994-11-07,21,Monday,2.0
1994-11-08,21,Tuesday,1.0
1994-11-10,21,Thursday,2.0
1994-11-11,21,Friday,1.0
1994-12-01,21,Thursday,20.0
1994-12-04,21,Sunday,3.0
1994-12-05,21,Monday,1.0
1994-12-07,21,Wednesday,2.0
1994-12-08,21,Thursday,1.0
1994-12-09,21,Friday,1.0
1994-12-10,21,Saturday,1.0
1994-12-12,21,Monday,2.0
1995-01-02,21,Monday,21.0
1995-01-03,21,Tuesday,1.0
1995-01-05,21,Thursday,2.0
1995-01-06,21,Friday,1.0
1995-01-08,21,Sunday,2.0
1995-01-09,21,Monday,1.0
1995-01-11,21,Wednesday,2.0
1995-01-12,21,Thursday,1.0
1995-02-02,21,Thursday,21.0
1995-02-03,21,Friday,1.0
1995-02-05,21,Sunday,2.0
1995-02-06,21,Monday,1.0
1995-02-08,21,Wednesday,2.0
1995-02-10,21,Friday,2.0
1995-02-11,21,Saturday,1.0
1995-03-01,21,Wednesday,18.0
1995-03-02,21,Thursday,1.0
1995-03-03,21,Friday,1.0
1995-03-04,21,Saturday,1.0
1995-03-05,21,Sunday,1.0
1995-03-07,21,Tuesday,2.0
1995-03-08,21,Wednesday,1.0
1995-03-10,21,Friday,2.0
1995-03-11,21,Saturday,1.0
1995-04-01,21,Saturday,21.0
1995-04-04,21,Tuesday,3.0
1995-04-05,21,Wednesday,1.0
1995-04-08,21,Saturday,3.0
1995-04-10,21,Monday,2.0
1995-04-12,21,Wednesday,2.0
1995-05-01,21,Monday,19.0
1995-05-04,21,Thursday,3.0
1995-05-05,21,Friday,1.0
1995-05-06,21,Saturday,1.0
1995-05-07,21,Sunday,1.0
1995-05-09,21,Tuesday,2.0
1995-05-10,21,Wednesday,1.0
1995-05-12,21,Friday,2.0
1995-06-01,21,Thursday,20.0
1995-06-02,21,Friday,1.0
1995-06-03,21,Saturday,1.0
1995-06-04,21,Sunday,1.0
1995-06-06,21,Tuesday,2.0
1995-06-07,21,Wednesday,1.0
1995-06-09,21,Friday,2.0
1995-06-10,21,Saturday,1.0
1995-06-11,21,Sunday,1.0
1995-06-12,21,Monday,1.0
1995-07-02,21,Sunday,20.0
1995-07-03,21,Monday,1.0
1995-07-04,21,Tuesday,1.0
1995-07-06,21,Thursday,2.0
1995-07-07,21,Friday,1.0
1995-07-08,21,Saturday,1.0
1995-07-09,21,Sunday,1.0
1995-07-11,21,Tuesday,2.0
1995-07-12,21,Wednesday,1.0
1995-08-02,21,Wednesday,21.0
1995-08-03,21,Thursday,1.0
1995-08-05,21,Saturday,2.0
1995-08-06,21,Sunday,1.0
1995-08-08,21,Tuesday,2.0
1995-08-09,21,Wednesday,1.0
1995-08-11,21,Friday,2.0
1995-08-12,21,Saturday,1.0
1995-09-01,21,Friday,20.0
1995-09-02,21,Saturday,1.0
1995-09-03,21,Sunday,1.0
1995-09-05,21,Tuesday,2.0
1995-09-06,21,Wednesday,1.0
1995-09-08,21,Friday,2.0
1995-09-10,21,Sunday,2.0
1995-09-11,21,Monday,1.0
1995-10-01,21,Sunday,20.0
1995-10-02,21,Monday,1.0
1995-10-03,21,Tuesday,1.0
1995-10-04,21,Wednesday,1.0
1995-10-05,21,Thursday,1.0
1995-10-07,21,Saturday,2.0
1995-10-08,21,Sunday,1.0
1995-10-10,21,Tuesday,2.0
1995-10-11,21,Wednesday,1.0
1995-11-01,21,Wednesday,21.0
1995-11-04,21,Saturday,3.0
1995-11-05,21,Sunday,1.0
1995-11-07,21,Tuesday,2.0
1995-11-08,21,Wednesday,1.0
1995-11-09,21,Thursday,1.0
1995-11-10,21,Friday,1.0
1995-11-12,21,Sunday,2.0
1995-12-01,21,Friday,19.0
1995-12-04,21,Monday,3.0
1995-12-05,21,Tuesday,1.0
1995-12-06,21,Wednesday,1.0
1995-12-07,21,Thursday,1.0
1995-12-09,21,Saturday,2.0
1995-12-10,21,Sunday,1.0
1995-12-12,21,Tuesday,2.0
1996-01-02,21,Tuesday,21.0
1996-01-03,21,Wednesday,1.0
1996-01-04,21,Thursday,1.0
1996-01-05,21,Friday,1.0
1996-01-07,21,Sunday,2.0
1996-01-08,21,Monday,1.0
1996-01-10,20,Wednesday,2.0
1996-01-11,20,Thursday,1.0
1996-02-01,21,Thursday,21.0
1996-02-02,21,Friday,1.0
1996-02-04,21,Sunday,2.0
1996-02-05,21,Monday,1.0
1996-02-07,21,Wednesday,2.0
1996-02-08,21,Thursday,1.0
1996-02-10,20,Saturday,2.0
1996-02-12,20,Monday,2.0
1996-03-01,21,Friday,18.0
1996-03-04,21,Monday,3.0
1996-03-05,21,Tuesday,1.0
1996-03-06,21,Wednesday,1.0
1996-03-07,21,Thursday,1.0
1996-03-09,20,Saturday,2.0
1996-03-10,20,Sunday,1.0
1996-03-12,20,Tuesday,2.0
1996-04-01,21,Monday,20.0
1996-04-03,21,Wednesday,2.0
1996-04-04,21,Thursday,1.0
1996-04-06,21,Saturday,2.0
1996-04-09,20,Tuesday,3.0
1996-04-10,20,Wednesday,1.0
1996-04-11,20,Thursday,1.0
1996-04-12,20,Friday,1.0
1996-05-01,21,Wednesday,19.0
1996-05-02,21,Thursday,1.0
1996-05-03,21,Friday,1.0
1996-05-06,21,Monday,3.0
1996-05-07,21,Tuesday,1.0
1996-05-08,21,Wednesday,1.0
1996-05-09,20,Thursday,1.0
1996-05-11,20,Saturday,2.0
1996-05-12,20,Sunday,1.0
1996-06-02,21,Sunday,21.0
1996-06-03,21,Monday,1.0
1996-06-05,21,Wednesday,2.0
1996-06-06,21,Thursday,1.0
1996-06-08,21,Saturday,2.0
1996-06-09,20,Sunday,1.0
1996-06-11,20,Tuesday,2.0
1996-06-12,20,Wednesday,1.0
1996-07-02,21,Tuesday,20.0
1996-07-03,21,Wednesday,1.0
1996-07-05,21,Friday,2.0
1996-07-06,21,Saturday,1.0
1996-07-08,21,Monday,2.0
1996-07-10,20,Wednesday,2.0
1996-07-11,20,Thursday,1.0
1996-08-01,21,Thursday,21.0
1996-08-02,21,Friday,1.0
1996-08-03,21,Saturday,1.0
1996-08-04,21,Sunday,1.0
1996-08-05,21,Monday,1.0
1996-08-07,21,Wednesday,2.0
1996-08-08,21,Thursday,1.0
1996-08-10,20,Saturday,2.0
1996-08-11,20,Sunday,1.0
1996-09-01,21,Sunday,21.0
1996-09-02,21,Monday,1.0
1996-09-04,21,Wednesday,2.0
1996-09-05,21,Thursday,1.0
1996-09-07,21,Saturday,2.0
1996-09-08,21,Sunday,1.0
1996-09-09,20,Monday,1.0
1996-09-10,20,Tuesday,1.0
1996-09-12,20,Thursday,2.0
1996-10-01,21,Tuesday,19.0
1996-10-04,21,Friday,3.0
1996-10-05,21,Saturday,1.0
1996-10-06,21,Sunday,1.0
1996-10-07,21,Monday,1.0
1996-10-09,20,Wednesday,2.0
1996-10-10,20,Thursday,1.0
1996-10-12,20,Saturday,2.0
1996-11-01,21,Friday,20.0
1996-11-03,21,Sunday,2.0
1996-11-04,21,Monday,1.0
1996-11-06,21,Wednesday,2.0
1996-11-07,21,Thursday,1.0
1996-11-09,20,Saturday,2.0
1996-11-10,20,Sunday,1.0
1996-11-11,20,Monday,1.0
1996-11-12,20,Tuesday,1.0
1996-12-01,21,Sunday,19.0
1996-12-02,21,Monday,1.0
1996-12-03,21,Tuesday,1.0
1996-12-04,21,Wednesday,1.0
1996-12-06,21,Friday,2.0
1996-12-07,21,Saturday,1.0
1996-12-08,21,Sunday,1.0
1996-12-09,20,Monday,1.0
1996-12-11,20,Wednesday,2.0
1996-12-12,20,Thursday,1.0
1997-01-04,20,Saturday,23.0
1997-01-05,20,Sunday,1.0
1997-01-07,19,Tuesday,2.0
1997-01-08,19,Wednesday,1.0
1997-01-10,19,Friday,2.0
1997-01-12,19,Sunday,2.0
1997-02-01,20,Saturday,20.0
1997-02-04,20,Tuesday,3.0
1997-02-05,20,Wednesday,1.0
1997-02-06,20,Thursday,1.0
1997-02-07,19,Friday,1.0
1997-02-09,19,Sunday,2.0
1997-02-10,19,Monday,1.0
1997-02-12,19,Wednesday,2.0
1997-03-01,20,Saturday,17.0
1997-03-02,20,Sunday,1.0
1997-03-03,20,Monday,1.0
1997-03-04,20,Tuesday,1.0
1997-03-06,20,Thursday,2.0
1997-03-07,19,Friday,1.0
1997-03-09,19,Sunday,2.0
1997-03-10,19,Monday,1.0
1997-03-11,19,Tuesday,1.0
1997-03-12,19,Wednesday,1.0
1997-04-02,20,Wednesday,21.0
1997-04-03,20,Thursday,1.0
1997-04-04,20,Friday,1.0
1997-04-06,20,Sunday,2.0
1997-04-08,19,Tuesday,2.0
1997-04-09,19,Wednesday,1.0
1997-04-11,19,Friday,2.0
1997-04-12,19,Saturday,1.0
1997-05-02,20,Friday,20.0
1997-05-03,20,Saturday,1.0
1997-05-05,20,Monday,2.0
1997-05-06,20,Tuesday,1.0
1997-05-08,19,Thursday,2.0
1997-05-09,19,Friday,1.0
1997-05-11,19,Sunday,2.0
1997-05-12,19,Monday,1.0
1997-06-01,20,Sunday,20.0
1997-06-02,20,Monday,1.0
1997-06-03,20,Tuesday,1.0
1997-06-05,20,Thursday,2.0
1997-06-06,20,Friday,1.0
1997-06-08,19,Sunday,2.0
1997-06-10,19,Tuesday,2.0
1997-06-11,19,Wednesday,1.0
1997-07-01,20,Tuesday,20.0
1997-07-02,20,Wednesday,1.0
1997-07-03,20,Thursday,1.0
1997-07-04,20,Friday,1.0
1997-07-05,20,Saturday,1.0
1997-07-07,19,Monday,2.0
1997-07-08,19,Tuesday,1.0
1997-07-10,19,Thursday,2.0
1997-07-11,19,Friday,1.0
1997-08-01,20,Friday,21.0
1997-08-04,20,Monday,3.0
1997-08-05,20,Tuesday,1.0
1997-08-07,19,Thursday,2.0
1997-08-08,19,Friday,1.0
1997-08-09,19,Saturday,1.0
1997-08-10,19,Sunday,1.0
1997-08-12,19,Tuesday,2.0
1997-09-01,20,Monday,20.0
1997-09-04,20,Thursday,3.0
1997-09-05,20,Friday,1.0
1997-09-06,20,Saturday,1.0
1997-09-07,19,Sunday,1.0
1997-09-09,19,Tuesday,2.0
1997-09-10,19,Wednesday,1.0
1997-09-12,19,Friday,2.0
1997-10-01,20,Wednesday,19.0
1997-10-02,20,Thursday,1.0
1997-10-03,20,Friday,1.0
1997-10-04,20,Saturday,1.0
1997-10-06,20,Monday,2.0
1997-10-07,19,Tuesday,1.0
1997-10-09,19,Thursday,2.0
1997-10-10,19,Friday,1.0
1997-10-11,19,Saturday,1.0
1997-10-12,19,Sunday,1.0
1997-11-02,20,Sunday,21.0
1997-11-03,20,Monday,1.0
1997-11-04,20,Tuesday,1.0
1997-11-06,20,Thursday,2.0
1997-11-07,19,Friday,1.0
1997-11-08,19,Saturday,1.0
1997-11-09,19,Sunday,1.0
1997-11-11,19,Tuesday,2.0
1997-11-12,19,Wednesday,1.0
1997-12-02,20,Tuesday,20.0
1997-12-03,20,Wednesday,1.0
1997-12-05,20,Friday,2.0
1997-12-06,20,Saturday,1.0
1997-12-08,19,Monday,2.0
1997-12-09,19,Tuesday,1.0
1997-12-11,19,Thursday,2.0
1997-12-12,19,Friday,1.0
1998-01-04,19,Sunday,23.0
1998-01-05,20,Monday,1.0
1998-01-06,20,Tuesday,1.0
1998-01-07,20,Wednesday,1.0
1998-01-09,20,Friday,2.0
1998-01-10,20,Saturday,1.0
1998-01-12,19,Monday,2.0
1998-02-01,19,Sunday,20.0
1998-02-02,19,Monday,1.0
1998-02-03,19,Tuesday,1.0
1998-02-04,19,Wednesday,1.0
1998-02-06,20,Friday,2.0
1998-02-07,20,Saturday,1.0
1998-02-09,20,Monday,2.0
1998-02-10,20,Tuesday,1.0
1998-02-11,20,Wednesday,1.0
1998-02-12,19,Thursday,1.0
1998-03-02,19,Monday,18.0
1998-03-03,19,Tuesday,1.0
1998-03-04,19,Wednesday,1.0
1998-03-06,20,Friday,2.0
1998-03-08,20,Sunday,2.0
1998-03-09,20,Monday,1.0
1998-03-11,20,Wednesday,2.0
1998-03-12,19,Thursday,1.0
1998-04-02,19,Thursday,21.0
1998-04-03,19,Friday,1.0
1998-04-05,20,Sunday,2.0
1998-04-06,20,Monday,1.0
1998-04-08,20,Wednesday,2.0
1998-04-09,20,Thursday,1.0
1998-04-11,20,Saturday,2.0
1998-04-12,20,Sunday,1.0
1998-05-01,19,Friday,19.0
1998-05-02,19,Saturday,1.0
1998-05-03,19,Sunday,1.0
1998-05-05,20,Tuesday,2.0
1998-05-06,20,Wednesday,1.0
1998-05-08,20,Friday,2.0
1998-05-10,20,Sunday,2.0
1998-05-11,20,Monday,1.0
1998-06-01,19,Monday,21.0
1998-06-02,19,Tuesday,1.0
1998-06-03,19,Wednesday,1.0
1998-06-04,19,Thursday,1.0
1998-06-05,20,Friday,1.0
1998-06-07,20,Sunday,2.0
1998-06-08,20,Monday,1.0
1998-06-10,20,Wednesday,2.0
1998-06-11,20,Thursday,1.0
1998-07-01,19,Wednesday,20.0
1998-07-04,19,Saturday,3.0
1998-07-05,20,Sunday,1.0
1998-07-07,20,Tuesday,2.0
1998-07-08,20,Wednesday,1.0
1998-07-10,20,Friday,2.0
1998-07-12,20,Sunday,2.0
1998-08-01,19,Saturday,20.0
1998-08-04,19,Tuesday,3.0
1998-08-05,20,Wednesday,1.0
1998-08-06,20,Thursday,1.0
1998-08-07,20,Friday,1.0
1998-08-09,20,Sunday,2.0
1998-08-10,20,Monday,1.0
1998-08-12,20,Wednesday,2.0
1998-09-01,19,Tuesday,20.0
1998-09-02,19,Wednesday,1.0
1998-09-03,19,Thursday,1.0
1998-09-04,19,Friday,1.0
1998-09-06,20,Sunday,2.0
1998-09-07,20,Monday,1.0
1998-09-09,20,Wednesday,2.0
1998-09-10,20,Thursday,1.0
1998-09-11,20,Friday,1.0
1998-09-12,20,Saturday,1.0
1998-10-02,19,Friday,20.0
1998-10-03,19,Saturday,1.0
1998-10-06,20,Tuesday,3.0
1998-10-07,20,Wednesday,1.0
1998-10-08,20,Thursday,1.0
1998-10-09,20,Friday,1.0
1998-10-11,20,Sunday,2.0
1998-10-12,20,Monday,1.0
1998-11-02,19,Monday,21.0
1998-11-03,19,Tuesday,1.0
1998-11-05,20,Thursday,2.0
1998-11-06,20,Friday,1.0
1998-11-08,20,Sunday,2.0
1998-11-09,20,Monday,1.0
1998-11-11,20,Wednesday,2.0
1998-11-12,20,Thursday,1.0
1998-12-01,19,Tuesday,19.0
1998-12-02,19,Wednesday,1.0
1998-12-03,19,Thursday,1.0
1998-12-05,20,Saturday,2.0
1998-12-06,20,Sunday,1.0
1998-12-08,20,Tuesday,2.0
1998-12-10,20,Thursday,2.0
1998-12-11,20,Friday,1.0
1999-01-02,21,Saturday,22.0
1999-01-03,21,Sunday,1.0
1999-01-04,22,Monday,1.0
1999-01-06,23,Wednesday,2.0
1999-01-07,23,Thursday,1.0
1999-01-09,23,Saturday,2.0
1999-01-10,23,Sunday,1.0
1999-01-11,23,Monday,1.0
1999-01-12,24,Tuesday,1.0
1999-02-02,21,Tuesday,21.0
1999-02-03,21,Wednesday,1.0
1999-02-06,23,Saturday,3.0
1999-02-07,23,Sunday,1.0
1999-02-08,23,Monday,1.0
1999-02-09,23,Tuesday,1.0
1999-02-11,23,Thursday,2.0
1999-02-12,24,Friday,1.0
1999-03-02,21,Tuesday,18.0
1999-03-03,21,Wednesday,1.0
1999-03-05,22,Friday,2.0
1999-03-06,23,Saturday,1.0
1999-03-08,23,Monday,2.0
1999-03-09,23,Tuesday,1.0
1999-03-11,23,Thursday,2.0
1999-03-12,24,Friday,1.0
1999-04-01,20,Thursday,20.0
1999-04-02,21,Friday,1.0
1999-04-03,21,Saturday,1.0
1999-04-05,23,Monday,2.0
1999-04-06,23,Tuesday,1.0
1999-04-08,23,Thursday,2.0
1999-04-10,23,Saturday,2.0
1999-04-11,23,Sunday,1.0
1999-05-01,20,Saturday,20.0
1999-05-02,21,Sunday,1.0
1999-05-03,21,Monday,1.0
1999-05-04,22,Tuesday,1.0
1999-05-05,23,Wednesday,1.0
1999-05-08,23,Saturday,3.0
1999-05-10,23,Monday,2.0
1999-05-11,23,Tuesday,1.0
1999-06-01,20,Tuesday,21.0
1999-06-04,22,Friday,3.0
1999-06-05,23,Saturday,1.0
1999-06-07,23,Monday,2.0
1999-06-08,23,Tuesday,1.0
1999-06-10,23,Thursday,2.0
1999-06-12,24,Saturday,2.0
1999-07-01,20,Thursday,19.0
1999-07-04,22,Sunday,3.0
1999-07-05,23,Monday,1.0
1999-07-06,23,Tuesday,1.0
1999-07-07,23,Wednesday,1.0
1999-07-09,23,Friday,2.0
1999-07-10,23,Saturday,1.0
1999-07-12,24,Monday,2.0
1999-08-01,20,Sunday,20.0
1999-08-02,21,Monday,1.0
1999-08-03,21,Tuesday,1.0
1999-08-04,22,Wednesday,1.0
1999-08-06,23,Friday,2.0
1999-08-07,23,Saturday,1.0
1999-08-09,23,Monday,2.0
1999-08-10,23,Tuesday,1.0
1999-08-11,23,Wednesday,1.0
1999-08-12,24,Thursday,1.0
1999-09-02,21,Thursday,21.0
1999-09-03,21,Friday,1.0
1999-09-04,22,Saturday,1.0
1999-09-06,23,Monday,2.0
1999-09-07,23,Tuesday,1.0
1999-09-08,23,Wednesday,1.0
1999-09-09,23,Thursday,1.0
1999-09-11,23,Saturday,2.0
1999-09-12,24,Sunday,1.0
1999-10-02,21,Saturday,20.0
1999-10-03,22,Sunday,1.0
1999-10-05,23,Tuesday,2.0
1999-10-06,23,Wednesday,1.0
1999-10-08,23,Friday,2.0
1999-10-09,23,Saturday,1.0
1999-10-11,23,Monday,2.0
1999-10-12,24,Tuesday,1.0
1999-11-01,20,Monday,20.0
1999-11-02,21,Tuesday,1.0
1999-11-03,22,Wednesday,1.0
1999-11-05,23,Friday,2.0
1999-11-06,23,Saturday,1.0
1999-11-08,23,Monday,2.0
1999-11-10,23,Wednesday,2.0
1999-11-11,23,Thursday,1.0
1999-12-01,20,Wednesday,20.0
1999-12-02,21,Thursday,1.0
1999-12-03,22,Friday,1.0
1999-12-04,22,Saturday,1.0
1999-12-05,23,Sunday,1.0
1999-12-07,23,Tuesday,2.0
1999-12-08,23,Wednesday,1.0
1999-12-10,23,Friday,2.0
1999-12-11,23,Saturday,1.0
2000-01-02,24,Sunday,22.0
2000-01-03,24,Monday,1.0
2000-01-05,24,Wednesday,2.0
2000-01-06,24,Thursday,1.0
2000-01-08,24,Saturday,2.0
2000-01-09,24,Sunday,1.0
2000-01-11,25,Tuesday,2.0
2000-01-12,25,Wednesday,1.0
2000-02-02,24,Wednesday,21.0
2000-02-03,24,Thursday,1.0
2000-02-05,24,Saturday,2.0
2000-02-06,24,Sunday,1.0
2000-02-08,24,Tuesday,2.0
2000-02-10,25,Thursday,2.0
2000-02-11,25,Friday,1.0
2000-03-01,24,Wednesday,19.0
2000-03-02,24,Thursday,1.0
2000-03-03,24,Friday,1.0
2000-03-04,24,Saturday,1.0
2000-03-05,24,Sunday,1.0
2000-03-07,24,Tuesday,2.0
2000-03-08,24,Wednesday,1.0
2000-03-10,25,Friday,2.0
2000-03-11,25,Saturday,1.0
2000-04-01,24,Saturday,21.0
2000-04-02,24,Sunday,1.0
2000-04-04,24,Tuesday,2.0
2000-04-05,24,Wednesday,1.0
2000-04-08,24,Saturday,3.0
2000-04-10,25,Monday,2.0
2000-04-12,25,Wednesday,2.0
2000-05-01,24,Monday,19.0
2000-05-04,24,Thursday,3.0
2000-05-05,24,Friday,1.0
2000-05-06,24,Saturday,1.0
2000-05-07,24,Sunday,1.0
2000-05-09,24,Tuesday,2.0
2000-05-10,25,Wednesday,1.0
2000-05-12,25,Friday,2.0
2000-06-01,24,Thursday,20.0
2000-06-03,24,Saturday,2.0
2000-06-04,24,Sunday,1.0
2000-06-06,24,Tuesday,2.0
2000-06-07,24,Wednesday,1.0
2000-06-09,24,Friday,2.0
2000-06-10,25,Saturday,1.0
2000-06-11,25,Sunday,1.0
2000-06-12,25,Monday,1.0
2000-07-01,24,Saturday,19.0
2000-07-02,24,Sunday,1.0
2000-07-03,24,Monday,1.0
2000-07-04,24,Tuesday,1.0
2000-07-06,24,Thursday,2.0
2000-07-07,24,Friday,1.0
2000-07-08,24,Saturday,1.0
2000-07-09,24,Sunday,1.0
2000-07-11,25,Tuesday,2.0
2000-07-12,25,Wednesday,1.0
2000-08-02,24,Wednesday,21.0
2000-08-03,24,Thursday,1.0
2000-08-05,24,Saturday,2.0
2000-08-06,24,Sunday,1.0
2000-08-08,24,Tuesday,2.0
2000-08-09,24,Wednesday,1.0
2000-08-11,25,Friday,2.0
2000-08-12,25,Saturday,1.0
2000-09-02,24,Saturday,21.0
2000-09-03,24,Sunday,1.0
2000-09-05,24,Tuesday,2.0
2000-09-06,24,Wednesday,1.0
2000-09-08,24,Friday,2.0
2000-09-10,25,Sunday,2.0
2000-09-11,25,Monday,1.0
2000-10-01,24,Sunday,20.0
2000-10-02,24,Monday,1.0
2000-10-03,24,Tuesday,1.0
2000-10-04,24,Wednesday,1.0
2000-10-05,24,Thursday,1.0
2000-10-07,24,Saturday,2.0
2000-10-08,24,Sunday,1.0
2000-10-10,25,Tuesday,2.0
2000-10-11,25,Wednesday,1.0
2000-11-01,24,Wednesday,21.0
2000-11-02,24,Thursday,1.0
2000-11-04,24,Saturday,2.0
2000-11-05,24,Sunday,1.0
2000-11-07,24,Tuesday,2.0
2000-11-08,24,Wednesday,1.0
2000-11-09,24,Thursday,1.0
2000-11-10,25,Friday,1.0
2000-11-12,25,Sunday,2.0
2000-12-01,24,Friday,19.0
2000-12-04,24,Monday,3.0
2000-12-05,24,Tuesday,1.0
2000-12-06,24,Wednesday,1.0
2000-12-07,24,Thursday,1.0
2000-12-09,25,Saturday,2.0
2000-12-10,25,Sunday,1.0
2000-12-12,25,Tuesday,2.0
2001-01-02,24,Tuesday,21.0
2001-01-03,25,Wednesday,1.0
2001-01-05,25,Friday,2.0
2001-01-06,25,Saturday,1.0
2001-01-08,24,Monday,2.0
2001-01-10,25,Wednesday,2.0
2001-01-11,26,Thursday,1.0
2001-02-01,25,Thursday,21.0
2001-02-02,25,Friday,1.0
2001-02-03,25,Saturday,1.0
2001-02-04,25,Sunday,1.0
2001-02-05,25,Monday,1.0
2001-02-07,25,Wednesday,2.0
2001-02-08,25,Thursday,1.0
2001-02-10,25,Saturday,2.0
2001-02-11,25,Sunday,1.0
2001-03-01,25,Thursday,18.0
2001-03-04,25,Sunday,3.0
2001-03-05,25,Monday,1.0
2001-03-07,24,Wednesday,2.0
2001-03-08,25,Thursday,1.0
2001-03-10,25,Saturday,2.0
2001-03-12,26,Monday,2.0
2001-04-01,25,Sunday,20.0
2001-04-04,25,Wednesday,3.0
2001-04-05,25,Thursday,1.0
2001-04-06,25,Friday,1.0
2001-04-09,25,Monday,3.0
2001-04-10,23,Tuesday,1.0
2001-04-12,26,Thursday,2.0
2001-05-01,25,Tuesday,19.0
2001-05-02,25,Wednesday,1.0
2001-05-03,25,Thursday,1.0
2001-05-04,25,Friday,1.0
2001-05-06,25,Sunday,2.0
2001-05-07,25,Monday,1.0
2001-05-09,25,Wednesday,2.0
2001-05-10,25,Thursday,1.0
2001-05-11,26,Friday,1.0
2001-05-12,26,Saturday,1.0
2001-06-02,25,Saturday,21.0
2001-06-03,25,Sunday,1.0
2001-06-04,25,Monday,1.0
2001-06-06,25,Wednesday,2.0
2001-06-07,25,Thursday,1.0
2001-06-08,25,Friday,1.0
2001-06-09,25,Saturday,1.0
2001-06-11,26,Monday,2.0
2001-06-12,26,Tuesday,1.0
2001-07-02,25,Monday,20.0
2001-07-03,24,Tuesday,1.0
2001-07-05,25,Thursday,2.0
2001-07-06,25,Friday,1.0
2001-07-08,25,Sunday,2.0
2001-07-09,25,Monday,1.0
2001-07-11,26,Wednesday,2.0
2001-07-12,26,Thursday,1.0
2001-08-01,25,Wednesday,20.0
2001-08-02,25,Thursday,1.0
2001-08-03,25,Friday,1.0
2001-08-05,25,Sunday,2.0
2001-08-06,25,Monday,1.0
2001-08-08,25,Wednesday,2.0
2001-08-10,25,Friday,2.0
2001-08-11,26,Saturday,1.0
2001-09-01,25,Saturday,21.0
2001-09-02,25,Sunday,1.0
2001-09-03,25,Monday,1.0
2001-09-04,25,Tuesday,1.0
2001-09-05,25,Wednesday,1.0
2001-09-07,25,Friday,2.0
2001-09-08,25,Saturday,1.0
2001-09-10,25,Monday,2.0
2001-09-11,26,Tuesday,1.0
2001-10-01,24,Monday,20.0
2001-10-04,25,Thursday,3.0
2001-10-05,25,Friday,1.0
2001-10-07,25,Sunday,2.0
2001-10-08,25,Monday,1.0
2001-10-09,25,Tuesday,1.0
2001-10-10,26,Wednesday,1.0
2001-10-12,26,Friday,2.0
2001-11-01,25,Thursday,20.0
2001-11-04,25,Sunday,3.0
2001-11-05,25,Monday,1.0
2001-11-06,24,Tuesday,1.0
2001-11-07,24,Wednesday,1.0
2001-11-10,26,Saturday,3.0
2001-11-12,26,Monday,2.0
2001-12-01,25,Saturday,19.0
2001-12-02,25,Sunday,1.0
2001-12-03,25,Monday,1.0
2001-12-04,25,Tuesday,1.0
2001-12-06,25,Thursday,2.0
2001-12-07,25,Friday,1.0
2001-12-10,26,Monday,3.0
2001-12-11,26,Tuesday,1.0
2001-12-12,26,Wednesday,1.0
2002-01-02,26,Wednesday,21.0
2002-01-03,26,Thursday,1.0
2002-01-04,26,Friday,1.0
2002-01-05,25,Saturday,1.0
2002-01-07,26,Monday,2.0
2002-01-08,26,Tuesday,1.0
2002-01-10,26,Thursday,2.0
2002-01-11,26,Friday,1.0
2002-02-01,26,Friday,21.0
2002-02-04,26,Monday,3.0
2002-02-05,25,Tuesday,1.0
2002-02-07,25,Thursday,2.0
2002-02-08,26,Friday,1.0
2002-02-10,26,Sunday,2.0
2002-02-12,26,Tuesday,2.0
2002-03-01,26,Friday,17.0
2002-03-04,26,Monday,3.0
2002-03-05,25,Tuesday,1.0
2002-03-06,26,Wednesday,1.0
2002-03-07,26,Thursday,1.0
2002-03-09,26,Saturday,2.0
2002-03-10,26,Sunday,1.0
2002-03-12,26,Tuesday,2.0
2002-04-01,26,Monday,20.0
2002-04-02,26,Tuesday,1.0
2002-04-03,26,Wednesday,1.0
2002-04-04,26,Thursday,1.0
2002-04-06,25,Saturday,2.0
2002-04-09,26,Tuesday,3.0
2002-04-10,26,Wednesday,1.0
2002-04-11,26,Thursday,1.0
2002-04-12,26,Friday,1.0
2002-05-02,26,Thursday,20.0
2002-05-03,26,Friday,1.0
2002-05-04,26,Saturday,1.0
2002-05-06,26,Monday,2.0
2002-05-07,26,Tuesday,1.0
2002-05-08,26,Wednesday,1.0
2002-05-09,26,Thursday,1.0
2002-05-11,26,Saturday,2.0
2002-05-12,26,Sunday,1.0
2002-06-02,26,Sunday,21.0
2002-06-03,25,Monday,1.0
2002-06-05,25,Wednesday,2.0
2002-06-06,26,Thursday,1.0
2002-06-08,26,Saturday,2.0
2002-06-09,26,Sunday,1.0
2002-06-11,26,Tuesday,2.0
2002-06-12,26,Wednesday,1.0
2002-07-01,26,Monday,19.0
2002-07-02,26,Tuesday,1.0
2002-07-03,25,Wednesday,1.0
2002-07-05,25,Friday,2.0
2002-07-06,26,Saturday,1.0
2002-07-08,26,Monday,2.0
2002-07-10,26,Wednesday,2.0
2002-07-11,26,Thursday,1.0
2002-08-01,25,Thursday,21.0
2002-08-02,26,Friday,1.0
2002-08-03,26,Saturday,1.0
2002-08-04,26,Sunday,1.0
2002-08-05,25,Monday,1.0
2002-08-07,26,Wednesday,2.0
2002-08-08,26,Thursday,1.0
2002-08-10,26,Saturday,2.0
2002-08-11,26,Sunday,1.0
2002-09-01,26,Sunday,21.0
2002-09-04,26,Wednesday,3.0
2002-09-05,25,Thursday,1.0
2002-09-07,26,Saturday,2.0
2002-09-08,26,Sunday,1.0
2002-09-09,26,Monday,1.0
2002-09-10,26,Tuesday,1.0
2002-09-12,26,Thursday,2.0
2002-10-01,26,Tuesday,19.0
2002-10-04,26,Friday,3.0
2002-10-05,25,Saturday,1.0
2002-10-06,26,Sunday,1.0
2002-10-07,26,Monday,1.0
2002-10-09,26,Wednesday,2.0
2002-10-10,26,Thursday,1.0
2002-10-12,26,Saturday,2.0
2002-11-01,26,Friday,20.0
2002-11-02,26,Saturday,1.0
2002-11-03,26,Sunday,1.0
2002-11-04,26,Monday,1.0
2002-11-06,25,Wednesday,2.0
2002-11-07,26,Thursday,1.0
2002-11-09,26,Saturday,2.0
2002-11-10,26,Sunday,1.0
2002-11-11,26,Monday,1.0
2002-11-12,26,Tuesday,1.0
2002-12-02,26,Monday,20.0
2002-12-03,26,Tuesday,1.0
2002-12-04,26,Wednesday,1.0
2002-12-06,26,Friday,2.0
2002-12-07,26,Saturday,1.0
2002-12-08,26,Sunday,1.0
2002-12-09,26,Monday,1.0
2002-12-11,26,Wednesday,2.0
2002-12-12,26,Thursday,1.0
2003-01-04,26,Saturday,23.0
2003-01-05,26,Sunday,1.0
2003-01-07,26,Tuesday,2.0
2003-01-08,26,Wednesday,1.0
2003-01-10,26,Friday,2.0
2003-01-12,26,Sunday,2.0
2003-02-01,26,Saturday,20.0
2003-02-04,26,Tuesday,3.0
2003-02-05,26,Wednesday,1.0
2003-02-06,26,Thursday,1.0
2003-02-07,26,Friday,1.0
2003-02-09,26,Sunday,2.0
2003-02-10,26,Monday,1.0
2003-02-12,26,Wednesday,2.0
2003-03-01,26,Saturday,17.0
2003-03-02,26,Sunday,1.0
2003-03-03,26,Monday,1.0
2003-03-04,26,Tuesday,1.0
2003-03-06,26,Thursday,2.0
2003-03-07,26,Friday,1.0
2003-03-09,26,Sunday,2.0
2003-03-10,26,Monday,1.0
2003-03-11,26,Tuesday,1.0
2003-03-12,26,Wednesday,1.0
2003-04-02,26,Wednesday,21.0
2003-04-03,26,Thursday,1.0
2003-04-04,26,Friday,1.0
2003-04-06,26,Sunday,2.0
2003-04-08,26,Tuesday,2.0
2003-04-09,26,Wednesday,1.0
2003-04-11,26,Friday,2.0
2003-04-12,26,Saturday,1.0
2003-05-02,26,Friday,20.0
2003-05-03,26,Saturday,1.0
2003-05-05,26,Monday,2.0
2003-05-06,26,Tuesday,1.0
2003-05-08,26,Thursday,2.0
2003-05-09,26,Friday,1.0
2003-05-11,26,Sunday,2.0
2003-05-12,26,Monday,1.0
2003-06-01,26,Sunday,20.0
2003-06-02,26,Monday,1.0
2003-06-03,26,Tuesday,1.0
2003-06-05,26,Thursday,2.0
2003-06-06,26,Friday,1.0
2003-06-08,26,Sunday,2.0
2003-06-10,26,Tuesday,2.0
2003-06-11,26,Wednesday,1.0
2003-07-01,26,Tuesday,20.0
2003-07-02,26,Wednesday,1.0
2003-07-03,26,Thursday,1.0
2003-07-04,25,Friday,1.0
2003-07-05,26,Saturday,1.0
2003-07-07,26,Monday,2.0
2003-07-08,26,Tuesday,1.0
2003-07-10,26,Thursday,2.0
2003-07-11,26,Friday,1.0
2003-08-01,26,Friday,21.0
2003-08-04,26,Monday,3.0
2003-08-05,26,Tuesday,1.0
2003-08-07,26,Thursday,2.0
2003-08-08,26,Friday,1.0
2003-08-09,26,Saturday,1.0
2003-08-10,26,Sunday,1.0
2003-08-12,26,Tuesday,2.0
2003-09-01,26,Monday,20.0
2003-09-04,26,Thursday,3.0
2003-09-05,26,Friday,1.0
2003-09-06,26,Saturday,1.0
2003-09-07,26,Sunday,1.0
2003-09-09,26,Tuesday,2.0
2003-09-10,26,Wednesday,1.0
2003-09-12,26,Friday,2.0
2003-10-01,26,Wednesday,19.0
2003-10-02,26,Thursday,1.0
2003-10-03,26,Friday,1.0
2003-10-04,26,Saturday,1.0
2003-10-06,26,Monday,2.0
2003-10-07,26,Tuesday,1.0
2003-10-09,26,Thursday,2.0
2003-10-10,26,Friday,1.0
2003-10-11,26,Saturday,1.0
2003-10-12,26,Sunday,1.0
2003-11-02,26,Sunday,21.0
2003-11-03,26,Monday,1.0
2003-11-04,26,Tuesday,1.0
2003-11-06,26,Thursday,2.0
2003-11-07,26,Friday,1.0
2003-11-08,26,Saturday,1.0
2003-11-09,26,Sunday,1.0
2003-11-11,26,Tuesday,2.0
2003-11-12,26,Wednesday,1.0
2003-12-02,26,Tuesday,20.0
2003-12-03,26,Wednesday,1.0
2003-12-05,26,Friday,2.0
2003-12-06,26,Saturday,1.0
2003-12-08,26,Monday,2.0
2003-12-09,26,Tuesday,1.0
2003-12-11,26,Thursday,2.0
2003-12-12,26,Friday,1.0
2004-01-03,26,Saturday,22.0
2004-01-04,26,Sunday,1.0
2004-01-06,26,Tuesday,2.0
2004-01-07,26,Wednesday,1.0
2004-01-09,27,Friday,2.0
2004-01-10,27,Saturday,1.0
2004-01-11,27,Sunday,1.0
2004-01-12,26,Monday,1.0
2004-02-01,26,Sunday,20.0
2004-02-02,26,Monday,1.0
2004-02-03,26,Tuesday,1.0
2004-02-04,26,Wednesday,1.0
2004-02-06,26,Friday,2.0
2004-02-07,26,Saturday,1.0
2004-02-08,26,Sunday,1.0
2004-02-09,27,Monday,1.0
2004-02-11,27,Wednesday,2.0
2004-02-12,26,Thursday,1.0
2004-03-02,26,Tuesday,19.0
2004-03-03,26,Wednesday,1.0
2004-03-05,26,Friday,2.0
2004-03-06,26,Saturday,1.0
2004-03-08,26,Monday,2.0
2004-03-09,27,Tuesday,1.0
2004-03-11,27,Thursday,2.0
2004-03-12,26,Friday,1.0
2004-04-02,26,Friday,21.0
2004-04-03,26,Saturday,1.0
2004-04-05,26,Monday,2.0
2004-04-06,26,Tuesday,1.0
2004-04-08,26,Thursday,2.0
2004-04-10,27,Saturday,2.0
2004-04-11,27,Sunday,1.0
2004-05-01,26,Saturday,20.0
2004-05-02,26,Sunday,1.0
2004-05-03,26,Monday,1.0
2004-05-04,26,Tuesday,1.0
2004-05-05,26,Wednesday,1.0
2004-05-08,26,Saturday,3.0
2004-05-10,27,Monday,2.0
2004-05-11,27,Tuesday,1.0
2004-06-01,26,Tuesday,21.0
2004-06-02,26,Wednesday,1.0
2004-06-04,26,Friday,2.0
2004-06-05,26,Saturday,1.0
2004-06-07,26,Monday,2.0
2004-06-08,26,Tuesday,1.0
2004-06-10,27,Thursday,2.0
2004-06-12,26,Saturday,2.0
2004-07-01,26,Thursday,19.0
2004-07-04,26,Sunday,3.0
2004-07-05,26,Monday,1.0
2004-07-06,26,Tuesday,1.0
2004-07-07,26,Wednesday,1.0
2004-07-09,27,Friday,2.0
2004-07-10,27,Saturday,1.0
2004-07-12,26,Monday,2.0
2004-08-01,26,Sunday,20.0
2004-08-03,26,Tuesday,2.0
2004-08-04,26,Wednesday,1.0
2004-08-06,26,Friday,2.0
2004-08-07,26,Saturday,1.0
2004-08-09,27,Monday,2.0
2004-08-10,27,Tuesday,1.0
2004-08-11,27,Wednesday,1.0
2004-08-12,26,Thursday,1.0
2004-09-01,26,Wednesday,20.0
2004-09-02,26,Thursday,1.0
2004-09-03,26,Friday,1.0
2004-09-06,26,Monday,3.0
2004-09-07,26,Tuesday,1.0
2004-09-08,26,Wednesday,1.0
2004-09-09,27,Thursday,1.0
2004-09-11,27,Saturday,2.0
2004-09-12,26,Sunday,1.0
2004-10-02,26,Saturday,20.0
2004-10-03,26,Sunday,1.0
2004-10-05,26,Tuesday,2.0
2004-10-06,26,Wednesday,1.0
2004-10-08,26,Friday,2.0
2004-10-09,27,Saturday,1.0
2004-10-11,27,Monday,2.0
2004-10-12,26,Tuesday,1.0
2004-11-02,26,Tuesday,21.0
2004-11-03,26,Wednesday,1.0
2004-11-05,26,Friday,2.0
2004-11-08,26,Monday,3.0
2004-11-10,27,Wednesday,2.0
2004-11-11,27,Thursday,1.0
2004-12-01,26,Wednesday,20.0
2004-12-02,26,Thursday,1.0
2004-12-03,26,Friday,1.0
2004-12-04,26,Saturday,1.0
2004-12-05,26,Sunday,1.0
2004-12-07,26,Tuesday,2.0
2004-12-08,26,Wednesday,1.0
2004-12-10,27,Friday,2.0
2004-12-11,27,Saturday,1.0
2005-01-02,26,Sunday,22.0
2005-01-03,26,Monday,1.0
2005-01-04,26,Tuesday,1.0
2005-01-06,26,Thursday,2.0
2005-01-07,26,Friday,1.0
2005-01-08,26,Saturday,1.0
2005-01-09,26,Sunday,1.0
2005-01-11,26,Tuesday,2.0
2005-01-12,26,Wednesday,1.0
2005-02-02,26,Wednesday,21.0
2005-02-03,26,Thursday,1.0
2005-02-05,26,Saturday,2.0
2005-02-06,26,Sunday,1.0
2005-02-08,26,Tuesday,2.0
2005-02-09,26,Wednesday,1.0
2005-02-11,26,Friday,2.0
2005-02-12,26,Saturday,1.0
2005-03-01,26,Tuesday,17.0
2005-03-02,26,Wednesday,1.0
2005-03-03,26,Thursday,1.0
2005-03-05,26,Saturday,2.0
2005-03-06,26,Sunday,1.0
2005-03-08,26,Tuesday,2.0
2005-03-10,26,Thursday,2.0
2005-03-11,26,Friday,1.0
2005-04-01,26,Friday,21.0
2005-04-02,26,Saturday,1.0
2005-04-03,26,Sunday,1.0
2005-04-04,26,Monday,1.0
2005-04-05,26,Tuesday,1.0
2005-04-08,26,Friday,3.0
2005-04-10,26,Sunday,2.0
2005-04-11,26,Monday,1.0
2005-05-01,26,Sunday,20.0
2005-05-04,26,Wednesday,3.0
2005-05-05,26,Thursday,1.0
2005-05-07,26,Saturday,2.0
2005-05-08,26,Sunday,1.0
2005-05-10,26,Tuesday,2.0
2005-05-12,26,Thursday,2.0
2005-06-01,26,Wednesday,20.0
2005-06-04,26,Saturday,3.0
2005-06-05,26,Sunday,1.0
2005-06-06,26,Monday,1.0
2005-06-07,26,Tuesday,1.0
2005-06-09,26,Thursday,2.0
2005-06-10,26,Friday,1.0
2005-06-12,26,Sunday,2.0
2005-07-01,26,Friday,19.0
2005-07-02,26,Saturday,1.0
2005-07-03,26,Sunday,1.0
2005-07-04,26,Monday,1.0
2005-07-06,26,Wednesday,2.0
2005-07-07,26,Thursday,1.0
2005-07-09,26,Saturday,2.0
2005-07-10,26,Sunday,1.0
2005-07-11,26,Monday,1.0
2005-07-12,26,Tuesday,1.0
2005-08-02,26,Tuesday,21.0
2005-08-03,26,Wednesday,1.0
2005-08-04,26,Thursday,1.0
2005-08-06,26,Saturday,2.0
2005-08-07,26,Sunday,1.0
2005-08-08,26,Monday,1.0
2005-08-09,26,Tuesday,1.0
2005-08-11,26,Thursday,2.0
2005-08-12,26,Friday,1.0
2005-09-02,26,Friday,21.0
2005-09-03,26,Saturday,1.0
2005-09-05,26,Monday,2.0
2005-09-06,26,Tuesday,1.0
2005-09-08,26,Thursday,2.0
2005-09-09,26,Friday,1.0
2005-09-11,26,Sunday,2.0
2005-09-12,26,Monday,1.0
2005-10-01,26,Saturday,19.0
2005-10-02,26,Sunday,1.0
2005-10-03,26,Monday,1.0
2005-10-05,26,Wednesday,2.0
2005-10-06,26,Thursday,1.0
2005-10-08,26,Saturday,2.0
2005-10-10,26,Monday,2.0
2005-10-11,26,Tuesday,1.0
2005-11-01,26,Tuesday,21.0
2005-11-02,26,Wednesday,1.0
2005-11-03,26,Thursday,1.0
2005-11-04,26,Friday,1.0
2005-11-05,26,Saturday,1.0
2005-11-07,26,Monday,2.0
2005-11-08,26,Tuesday,1.0
2005-11-10,26,Thursday,2.0
2005-11-11,26,Friday,1.0
2005-12-01,26,Thursday,20.0
2005-12-04,26,Sunday,3.0
2005-12-05,26,Monday,1.0
2005-12-07,26,Wednesday,2.0
2005-12-08,26,Thursday,1.0
2005-12-09,26,Friday,1.0
2005-12-10,26,Saturday,1.0
2005-12-12,26,Monday,2.0
2006-01-02,26,Monday,21.0
2006-01-03,26,Tuesday,1.0
2006-01-05,26,Thursday,2.0
2006-01-06,27,Friday,1.0
2006-01-08,27,Sunday,2.0
2006-01-09,26,Monday,1.0
2006-01-11,26,Wednesday,2.0
2006-01-12,26,Thursday,1.0
2006-02-02,26,Thursday,21.0
2006-02-03,26,Friday,1.0
2006-02-05,26,Sunday,2.0
2006-02-06,27,Monday,1.0
2006-02-08,27,Wednesday,2.0
2006-02-10,26,Friday,2.0
2006-02-11,26,Saturday,1.0
2006-03-01,25,Wednesday,18.0
2006-03-02,26,Thursday,1.0
2006-03-03,26,Friday,1.0
2006-03-04,26,Saturday,1.0
2006-03-05,26,Sunday,1.0
2006-03-07,27,Tuesday,2.0
2006-03-08,27,Wednesday,1.0
2006-03-10,26,Friday,2.0
2006-03-11,26,Saturday,1.0
2006-04-01,25,Saturday,21.0
2006-04-04,26,Tuesday,3.0
2006-04-05,26,Wednesday,1.0
2006-04-08,26,Saturday,3.0
2006-04-10,26,Monday,2.0
2006-04-12,26,Wednesday,2.0
2006-05-01,25,Monday,19.0
2006-05-04,26,Thursday,3.0
2006-05-05,26,Friday,1.0
2006-05-06,27,Saturday,1.0
2006-05-07,27,Sunday,1.0
2006-05-09,26,Tuesday,2.0
2006-05-10,26,Wednesday,1.0
2006-05-12,26,Friday,2.0
2006-06-01,25,Thursday,20.0
2006-06-02,26,Friday,1.0
2006-06-03,26,Saturday,1.0
2006-06-04,26,Sunday,1.0
2006-06-06,27,Tuesday,2.0
2006-06-07,27,Wednesday,1.0
2006-06-09,26,Friday,2.0
2006-06-10,26,Saturday,1.0
2006-06-11,26,Sunday,1.0
2006-06-12,26,Monday,1.0
2006-07-02,26,Sunday,20.0
2006-07-03,26,Monday,1.0
2006-07-04,26,Tuesday,1.0
2006-07-06,27,Thursday,2.0
2006-07-07,27,Friday,1.0
2006-07-08,26,Saturday,1.0
2006-07-09,26,Sunday,1.0
2006-07-11,26,Tuesday,2.0
2006-07-12,26,Wednesday,1.0
2006-08-02,26,Wednesday,21.0
2006-08-03,26,Thursday,1.0
2006-08-05,26,Saturday,2.0
2006-08-06,27,Sunday,1.0
2006-08-08,26,Tuesday,2.0
2006-08-09,26,Wednesday,1.0
2006-08-11,26,Friday,2.0
2006-08-12,26,Saturday,1.0
2006-09-01,25,Friday,20.0
2006-09-02,26,Saturday,1.0
2006-09-03,26,Sunday,1.0
2006-09-05,26,Tuesday,2.0
2006-09-06,27,Wednesday,1.0
2006-09-08,26,Friday,2.0
2006-09-10,26,Sunday,2.0
2006-09-11,26,Monday,1.0
2006-10-01,25,Sunday,20.0
2006-10-02,26,Monday,1.0
2006-10-03,26,Tuesday,1.0
2006-10-04,26,Wednesday,1.0
2006-10-05,26,Thursday,1.0
2006-10-07,27,Saturday,2.0
2006-10-08,26,Sunday,1.0
2006-10-10,26,Tuesday,2.0
2006-10-11,26,Wednesday,1.0
2006-11-01,25,Wednesday,21.0
2006-11-04,26,Saturday,3.0
2006-11-05,26,Sunday,1.0
2006-11-07,27,Tuesday,2.0
2006-11-08,26,Wednesday,1.0
2006-11-09,26,Thursday,1.0
2006-11-10,26,Friday,1.0
2006-11-12,26,Sunday,2.0
2006-12-01,25,Friday,19.0
2006-12-04,26,Monday,3.0
2006-12-05,26,Tuesday,1.0
2006-12-06,27,Wednesday,1.0
2006-12-07,27,Thursday,1.0
2006-12-09,26,Saturday,2.0
2006-12-10,26,Sunday,1.0
2006-12-12,26,Tuesday,2.0
2007-01-02,26,Tuesday,21.0
2007-01-03,26,Wednesday,1.0
2007-01-05,26,Friday,2.0
2007-01-06,26,Saturday,1.0
2007-01-08,26,Monday,2.0
2007-01-10,26,Wednesday,2.0
2007-01-11,26,Thursday,1.0
2007-02-02,26,Friday,22.0
2007-02-03,26,Saturday,1.0
2007-02-04,26,Sunday,1.0
2007-02-05,26,Monday,1.0
2007-02-07,25,Wednesday,2.0
2007-02-08,26,Thursday,1.0
2007-02-10,26,Saturday,2.0
2007-02-11,26,Sunday,1.0
2007-03-01,26,Thursday,18.0
2007-03-04,26,Sunday,3.0
2007-03-05,26,Monday,1.0
2007-03-07,26,Wednesday,2.0
2007-03-08,26,Thursday,1.0
2007-03-10,26,Saturday,2.0
2007-03-12,26,Monday,2.0
2007-04-01,26,Sunday,20.0
2007-04-04,26,Wednesday,3.0
2007-04-05,26,Thursday,1.0
2007-04-06,26,Friday,1.0
2007-04-09,26,Monday,3.0
2007-04-10,26,Tuesday,1.0
2007-04-12,26,Thursday,2.0
2007-05-01,26,Tuesday,19.0
2007-05-02,26,Wednesday,1.0
2007-05-03,26,Thursday,1.0
2007-05-04,26,Friday,1.0
2007-05-06,26,Sunday,2.0
2007-05-07,25,Monday,1.0
2007-05-09,26,Wednesday,2.0
2007-05-10,26,Thursday,1.0
2007-05-11,26,Friday,1.0
2007-05-12,26,Saturday,1.0
2007-06-02,26,Saturday,21.0
2007-06-03,26,Sunday,1.0
2007-06-06,25,Wednesday,3.0
2007-06-07,26,Thursday,1.0
2007-06-08,26,Friday,1.0
2007-06-09,26,Saturday,1.0
2007-06-11,26,Monday,2.0
2007-06-12,26,Tuesday,1.0
2007-07-02,26,Monday,20.0
2007-07-03,26,Tuesday,1.0
2007-07-05,26,Thursday,2.0
2007-07-06,26,Friday,1.0
2007-07-08,26,Sunday,2.0
2007-07-09,26,Monday,1.0
2007-07-11,26,Wednesday,2.0
2007-07-12,26,Thursday,1.0
2007-08-01,26,Wednesday,20.0
2007-08-02,26,Thursday,1.0
2007-08-03,26,Friday,1.0
2007-08-05,26,Sunday,2.0
2007-08-06,26,Monday,1.0
2007-08-08,26,Wednesday,2.0
2007-08-10,26,Friday,2.0
2007-08-11,26,Saturday,1.0
2007-09-01,26,Saturday,21.0
2007-09-02,26,Sunday,1.0
2007-09-03,26,Monday,1.0
2007-09-04,26,Tuesday,1.0
2007-09-05,26,Wednesday,1.0
2007-09-07,26,Friday,2.0
2007-09-08,26,Saturday,1.0
2007-09-10,26,Monday,2.0
2007-09-11,26,Tuesday,1.0
2007-10-01,26,Monday,20.0
2007-10-04,26,Thursday,3.0
2007-10-05,26,Friday,1.0
2007-10-07,26,Sunday,2.0
2007-10-08,26,Monday,1.0
2007-10-09,26,Tuesday,1.0
2007-10-10,26,Wednesday,1.0
2007-10-12,26,Friday,2.0
2007-11-01,26,Thursday,20.0
2007-11-04,26,Sunday,3.0
2007-11-05,26,Monday,1.0
2007-11-06,26,Tuesday,1.0
2007-11-07,26,Wednesday,1.0
2007-11-09,26,Friday,2.0
2007-11-10,26,Saturday,1.0
2007-11-12,26,Monday,2.0
2007-12-01,26,Saturday,19.0
2007-12-02,26,Sunday,1.0
2007-12-03,26,Monday,1.0
2007-12-04,26,Tuesday,1.0
2007-12-06,26,Thursday,2.0
2007-12-07,26,Friday,1.0
2007-12-09,26,Sunday,2.0
2007-12-10,26,Monday,1.0
2007-12-11,26,Tuesday,1.0
2007-12-12,26,Wednesday,1.0
2008-01-02,26,Wednesday,21.0
2008-01-04,27,Friday,2.0
2008-01-05,27,Saturday,1.0
2008-01-07,26,Monday,2.0
2008-01-08,27,Tuesday,1.0
2008-01-10,27,Thursday,2.0
2008-01-12,27,Saturday,2.0
2008-02-01,26,Friday,20.0
2008-02-04,27,Monday,3.0
2008-02-05,27,Tuesday,1.0
2008-02-06,27,Wednesday,1.0
2008-02-07,27,Thursday,1.0
2008-02-09,27,Saturday,2.0
2008-02-10,27,Sunday,1.0
2008-02-12,27,Tuesday,2.0
2008-03-01,26,Saturday,18.0
2008-03-03,26,Monday,2.0
2008-03-04,27,Tuesday,1.0
2008-03-06,27,Thursday,2.0
2008-03-07,27,Friday,1.0
2008-03-09,27,Sunday,2.0
2008-03-10,27,Monday,1.0
2008-03-11,27,Tuesday,1.0
2008-03-12,27,Wednesday,1.0
2008-04-01,26,Tuesday,20.0
2008-04-02,26,Wednesday,1.0
2008-04-03,26,Thursday,1.0
2008-04-04,27,Friday,1.0
2008-04-06,27,Sunday,2.0
2008-04-08,27,Tuesday,2.0
2008-04-09,27,Wednesday,1.0
2008-04-11,27,Friday,2.0
2008-04-12,27,Saturday,1.0
2008-05-02,26,Friday,20.0
2008-05-03,26,Saturday,1.0
2008-05-05,26,Monday,2.0
2008-05-06,27,Tuesday,1.0
2008-05-08,27,Thursday,2.0
2008-05-09,27,Friday,1.0
2008-05-11,27,Sunday,2.0
2008-05-12,27,Monday,1.0
2008-06-02,26,Monday,21.0
2008-06-03,26,Tuesday,1.0
2008-06-05,27,Thursday,2.0
2008-06-06,27,Friday,1.0
2008-06-08,27,Sunday,2.0
2008-06-10,27,Tuesday,2.0
2008-06-11,27,Wednesday,1.0
2008-07-01,26,Tuesday,20.0
2008-07-02,26,Wednesday,1.0
2008-07-03,26,Thursday,1.0
2008-07-04,27,Friday,1.0
2008-07-05,27,Saturday,1.0
2008-07-07,27,Monday,2.0
2008-07-08,27,Tuesday,1.0
2008-07-10,27,Thursday,2.0
2008-07-11,27,Friday,1.0
2008-08-01,26,Friday,21.0
2008-08-02,26,Saturday,1.0
2008-08-04,27,Monday,2.0
2008-08-05,27,Tuesday,1.0
2008-08-07,27,Thursday,2.0
2008-08-08,27,Friday,1.0
2008-08-09,27,Saturday,1.0
2008-08-10,27,Sunday,1.0
2008-08-12,27,Tuesday,2.0
2008-09-01,26,Monday,20.0
2008-09-04,27,Thursday,3.0
2008-09-05,27,Friday,1.0
2008-09-06,27,Saturday,1.0
2008-09-07,27,Sunday,1.0
2008-09-09,27,Tuesday,2.0
2008-09-10,27,Wednesday,1.0
2008-09-12,27,Friday,2.0
2008-10-01,26,Wednesday,19.0
2008-10-03,26,Friday,2.0
2008-10-04,27,Saturday,1.0
2008-10-06,27,Monday,2.0
2008-10-07,27,Tuesday,1.0
2008-10-09,27,Thursday,2.0
2008-10-10,27,Friday,1.0
2008-10-11,27,Saturday,1.0
2008-10-12,27,Sunday,1.0
2008-11-01,26,Saturday,20.0
2008-11-02,26,Sunday,1.0
2008-11-03,26,Monday,1.0
2008-11-04,27,Tuesday,1.0
2008-11-06,27,Thursday,2.0
2008-11-07,27,Friday,1.0
2008-11-08,27,Saturday,1.0
2008-11-09,27,Sunday,1.0
2008-11-11,27,Tuesday,2.0
2008-11-12,27,Wednesday,1.0
2008-12-02,26,Tuesday,20.0
2008-12-03,26,Wednesday,1.0
2008-12-05,27,Friday,2.0
2008-12-06,27,Saturday,1.0
2008-12-08,27,Monday,2.0
2008-12-09,27,Tuesday,1.0
2008-12-11,27,Thursday,2.0
2008-12-12,27,Friday,1.0
2009-01-04,27,Sunday,23.0
2009-01-05,27,Monday,1.0
2009-01-06,27,Tuesday,1.0
2009-01-07,27,Wednesday,1.0
2009-01-09,27,Friday,2.0
2009-01-10,27,Saturday,1.0
2009-01-12,27,Monday,2.0
2009-02-01,27,Sunday,20.0
2009-02-02,27,Monday,1.0
2009-02-03,27,Tuesday,1.0
2009-02-04,27,Wednesday,1.0
2009-02-06,27,Friday,2.0
2009-02-07,27,Saturday,1.0
2009-02-09,27,Monday,2.0
2009-02-10,27,Tuesday,1.0
2009-02-11,27,Wednesday,1.0
2009-02-12,27,Thursday,1.0
2009-03-02,27,Monday,18.0
2009-03-03,27,Tuesday,1.0
2009-03-04,27,Wednesday,1.0
2009-03-06,27,Friday,2.0
2009-03-08,27,Sunday,2.0
2009-03-09,27,Monday,1.0
2009-03-11,27,Wednesday,2.0
2009-03-12,27,Thursday,1.0
2009-04-02,27,Thursday,21.0
2009-04-03,27,Friday,1.0
2009-04-05,27,Sunday,2.0
2009-04-06,27,Monday,1.0
2009-04-08,27,Wednesday,2.0
2009-04-09,27,Thursday,1.0
2009-04-11,27,Saturday,2.0
2009-04-12,27,Sunday,1.0
2009-05-01,27,Friday,19.0
2009-05-02,27,Saturday,1.0
2009-05-03,27,Sunday,1.0
2009-05-05,27,Tuesday,2.0
2009-05-06,27,Wednesday,1.0
2009-05-08,27,Friday,2.0
2009-05-10,27,Sunday,2.0
2009-05-11,27,Monday,1.0
2009-06-01,27,Monday,21.0
2009-06-02,27,Tuesday,1.0
2009-06-03,27,Wednesday,1.0
2009-06-04,27,Thursday,1.0
2009-06-05,27,Friday,1.0
2009-06-07,27,Sunday,2.0
2009-06-08,27,Monday,1.0
2009-06-10,27,Wednesday,2.0
2009-06-11,27,Thursday,1.0
2009-07-01,27,Wednesday,20.0
2009-07-04,27,Saturday,3.0
2009-07-05,27,Sunday,1.0
2009-07-07,27,Tuesday,2.0
2009-07-08,27,Wednesday,1.0
2009-07-10,27,Friday,2.0
2009-07-12,27,Sunday,2.0
2009-08-01,27,Saturday,20.0
2009-08-04,27,Tuesday,3.0
2009-08-05,27,Wednesday,1.0
2009-08-06,27,Thursday,1.0
2009-08-07,27,Friday,1.0
2009-08-09,27,Sunday,2.0
2009-08-10,27,Monday,1.0
2009-08-12,27,Wednesday,2.0
2009-09-01,27,Tuesday,20.0
2009-09-02,27,Wednesday,1.0
2009-09-03,27,Thursday,1.0
2009-09-04,27,Friday,1.0
2009-09-06,27,Sunday,2.0
2009-09-07,27,Monday,1.0
2009-09-09,27,Wednesday,2.0
2009-09-10,27,Thursday,1.0
2009-09-11,27,Friday,1.0
2009-09-12,27,Saturday,1.0
2009-10-02,27,Friday,20.0
2009-10-03,27,Saturday,1.0
2009-10-06,27,Tuesday,3.0
2009-10-07,27,Wednesday,1.0
2009-10-08,27,Thursday,1.0
2009-10-09,27,Friday,1.0
2009-10-11,27,Sunday,2.0
2009-10-12,27,Monday,1.0
2009-11-02,27,Monday,21.0
2009-11-03,27,Tuesday,1.0
2009-11-05,27,Thursday,2.0
2009-11-06,27,Friday,1.0
2009-11-08,27,Sunday,2.0
2009-11-09,27,Monday,1.0
2009-11-11,27,Wednesday,2.0
2009-11-12,27,Thursday,1.0
2009-12-01,27,Tuesday,19.0
2009-12-02,27,Wednesday,1.0
2009-12-03,27,Thursday,1.0
2009-12-05,27,Saturday,2.0
2009-12-06,27,Sunday,1.0
2009-12-08,27,Tuesday,2.0
2009-12-10,27,Thursday,2.0
2009-12-11,27,Friday,1.0
2010-01-02,27,Saturday,22.0
2010-01-03,27,Sunday,1.0
2010-01-04,27,Monday,1.0
2010-01-06,27,Wednesday,2.0
2010-01-07,27,Thursday,1.0
2010-01-09,27,Saturday,2.0
2010-01-10,27,Sunday,1.0
2010-01-11,27,Monday,1.0
2010-01-12,27,Tuesday,1.0
2010-02-02,27,Tuesday,21.0
2010-02-03,27,Wednesday,1.0
2010-02-06,27,Saturday,3.0
2010-02-07,27,Sunday,1.0
2010-02-08,27,Monday,1.0
2010-02-09,27,Tuesday,1.0
2010-02-11,27,Thursday,2.0
2010-02-12,27,Friday,1.0
2010-03-02,27,Tuesday,18.0
2010-03-03,27,Wednesday,1.0
2010-03-05,27,Friday,2.0
2010-03-06,27,Saturday,1.0
2010-03-08,27,Monday,2.0
2010-03-09,27,Tuesday,1.0
2010-03-11,27,Thursday,2.0
2010-03-12,27,Friday,1.0
2010-04-01,27,Thursday,20.0
2010-04-02,26,Friday,1.0
2010-04-03,27,Saturday,1.0
2010-04-05,27,Monday,2.0
2010-04-06,27,Tuesday,1.0
2010-04-08,27,Thursday,2.0
2010-04-10,27,Saturday,2.0
2010-04-11,27,Sunday,1.0
2010-05-01,27,Saturday,20.0
2010-05-02,27,Sunday,1.0
2010-05-03,27,Monday,1.0
2010-05-04,27,Tuesday,1.0
2010-05-05,27,Wednesday,1.0
2010-05-08,27,Saturday,3.0
2010-05-10,27,Monday,2.0
2010-05-11,27,Tuesday,1.0
2010-06-01,27,Tuesday,21.0
2010-06-04,27,Friday,3.0
2010-06-05,27,Saturday,1.0
2010-06-07,27,Monday,2.0
2010-06-08,27,Tuesday,1.0
2010-06-10,27,Thursday,2.0
2010-06-12,27,Saturday,2.0
2010-07-01,27,Thursday,19.0
2010-07-04,27,Sunday,3.0
2010-07-05,27,Monday,1.0
2010-07-06,27,Tuesday,1.0
2010-07-07,27,Wednesday,1.0
2010-07-09,27,Friday,2.0
2010-07-10,27,Saturday,1.0
2010-07-12,27,Monday,2.0
2010-08-01,27,Sunday,20.0
2010-08-02,27,Monday,1.0
2010-08-03,27,Tuesday,1.0
2010-08-04,27,Wednesday,1.0
2010-08-06,27,Friday,2.0
2010-08-07,27,Saturday,1.0
2010-08-09,27,Monday,2.0
2010-08-10,27,Tuesday,1.0
2010-08-11,27,Wednesday,1.0
2010-08-12,27,Thursday,1.0
2010-09-02,27,Thursday,21.0
2010-09-03,27,Friday,1.0
2010-09-04,27,Saturday,1.0
2010-09-06,27,Monday,2.0
2010-09-07,27,Tuesday,1.0
2010-09-08,27,Wednesday,1.0
2010-09-09,27,Thursday,1.0
2010-09-11,27,Saturday,2.0
2010-09-12,26,Sunday,1.0
2010-10-02,27,Saturday,20.0
2010-10-03,27,Sunday,1.0
2010-10-05,27,Tuesday,2.0
2010-10-06,27,Wednesday,1.0
2010-10-08,27,Friday,2.0
2010-10-09,27,Saturday,1.0
2010-10-11,27,Monday,2.0
2010-10-12,27,Tuesday,1.0
2010-11-01,27,Monday,20.0
2010-11-02,27,Tuesday,1.0
2010-11-03,27,Wednesday,1.0
2010-11-05,27,Friday,2.0
2010-11-06,27,Saturday,1.0
2010-11-08,27,Monday,2.0
2010-11-10,27,Wednesday,2.0
2010-11-11,27,Thursday,1.0
2010-12-01,27,Wednesday,20.0
2010-12-02,27,Thursday,1.0
2010-12-03,27,Friday,1.0
2010-12-04,27,Saturday,1.0
2010-12-05,27,Sunday,1.0
2010-12-07,27,Tuesday,2.0
2010-12-08,27,Wednesday,1.0
2010-12-10,27,Friday,2.0
2010-12-11,27,Saturday,1.0
2011-01-02,27,Sunday,22.0
2011-01-03,27,Monday,1.0
2011-01-04,28,Tuesday,1.0
2011-01-06,28,Thursday,2.0
2011-01-07,28,Friday,1.0
2011-01-08,28,Saturday,1.0
2011-01-09,28,Sunday,1.0
2011-01-11,28,Tuesday,2.0
2011-01-12,28,Wednesday,1.0
2011-02-02,27,Wednesday,21.0
2011-02-03,27,Thursday,1.0
2011-02-05,28,Saturday,2.0
2011-02-06,28,Sunday,1.0
2011-02-08,28,Tuesday,2.0
2011-02-09,28,Wednesday,1.0
2011-02-11,28,Friday,2.0
2011-02-12,28,Saturday,1.0
2011-03-01,27,Tuesday,17.0
2011-03-02,27,Wednesday,1.0
2011-03-03,27,Thursday,1.0
2011-03-05,28,Saturday,2.0
2011-03-06,28,Sunday,1.0
2011-03-08,28,Tuesday,2.0
2011-03-10,28,Thursday,2.0
2011-03-11,28,Friday,1.0
2011-04-01,27,Friday,21.0
2011-04-02,27,Saturday,1.0
2011-04-03,27,Sunday,1.0
2011-04-04,28,Monday,1.0
2011-04-05,28,Tuesday,1.0
2011-04-08,28,Friday,3.0
2011-04-10,28,Sunday,2.0
2011-04-11,28,Monday,1.0
2011-05-01,27,Sunday,20.0
2011-05-04,28,Wednesday,3.0
2011-05-05,28,Thursday,1.0
2011-05-07,28,Saturday,2.0
2011-05-08,28,Sunday,1.0
2011-05-10,28,Tuesday,2.0
2011-05-12,28,Thursday,2.0
2011-06-01,27,Wednesday,20.0
2011-06-04,28,Saturday,3.0
2011-06-05,28,Sunday,1.0
2011-06-06,28,Monday,1.0
2011-06-07,28,Tuesday,1.0
2011-06-09,28,Thursday,2.0
2011-06-10,28,Friday,1.0
2011-06-12,28,Sunday,2.0
2011-07-01,27,Friday,19.0
2011-07-02,27,Saturday,1.0
2011-07-03,27,Sunday,1.0
2011-07-04,28,Monday,1.0
2011-07-06,28,Wednesday,2.0
2011-07-07,28,Thursday,1.0
2011-07-09,28,Saturday,2.0
2011-07-10,28,Sunday,1.0
2011-07-11,28,Monday,1.0
2011-07-12,28,Tuesday,1.0
2011-08-02,27,Tuesday,21.0
2011-08-03,27,Wednesday,1.0
2011-08-04,28,Thursday,1.0
2011-08-06,28,Saturday,2.0
2011-08-07,28,Sunday,1.0
2011-08-08,28,Monday,1.0
2011-08-09,28,Tuesday,1.0
2011-08-11,28,Thursday,2.0
2011-08-12,28,Friday,1.0
2011-09-02,27,Friday,21.0
2011-09-03,27,Saturday,1.0
2011-09-05,28,Monday,2.0
2011-09-06,27,Tuesday,1.0
2011-09-08,28,Thursday,2.0
2011-09-09,28,Friday,1.0
2011-09-11,28,Sunday,2.0
2011-09-12,28,Monday,1.0
2011-10-01,27,Saturday,19.0
2011-10-02,27,Sunday,1.0
2011-10-03,27,Monday,1.0
2011-10-05,28,Wednesday,2.0
2011-10-06,28,Thursday,1.0
2011-10-08,28,Saturday,2.0
2011-10-10,28,Monday,2.0
2011-10-11,28,Tuesday,1.0
2011-11-01,27,Tuesday,21.0
2011-11-02,27,Wednesday,1.0
2011-11-03,26,Thursday,1.0
2011-11-04,28,Friday,1.0
2011-11-05,28,Saturday,1.0
2011-11-07,28,Monday,2.0
2011-11-08,28,Tuesday,1.0
2011-11-10,28,Thursday,2.0
2011-11-11,28,Friday,1.0
2011-12-01,27,Thursday,20.0
2011-12-04,28,Sunday,3.0
2011-12-05,28,Monday,1.0
2011-12-07,28,Wednesday,2.0
2011-12-08,28,Thursday,1.0
2011-12-09,28,Friday,1.0
2011-12-10,28,Saturday,1.0
2011-12-12,28,Monday,2.0
2012-01-02,28,Monday,21.0
2012-01-03,28,Tuesday,1.0
2012-01-05,28,Thursday,2.0
2012-01-06,28,Friday,1.0
2012-01-08,28,Sunday,2.0
2012-01-10,28,Tuesday,2.0
2012-01-11,28,Wednesday,1.0
2012-02-02,28,Thursday,22.0
2012-02-03,28,Friday,1.0
2012-02-04,28,Saturday,1.0
2012-02-05,28,Sunday,1.0
2012-02-07,28,Tuesday,2.0
2012-02-08,28,Wednesday,1.0
2012-02-10,28,Friday,2.0
2012-02-11,28,Saturday,1.0
2012-03-01,28,Thursday,19.0
2012-03-02,28,Friday,1.0
2012-03-04,28,Sunday,2.0
2012-03-05,28,Monday,1.0
2012-03-07,28,Wednesday,2.0
2012-03-08,28,Thursday,1.0
2012-03-10,28,Saturday,2.0
2012-03-12,28,Monday,2.0
2012-04-01,28,Sunday,20.0
2012-04-04,28,Wednesday,3.0
2012-04-05,28,Thursday,1.0
2012-04-06,28,Friday,1.0
2012-04-09,28,Monday,3.0
2012-04-10,28,Tuesday,1.0
2012-04-12,28,Thursday,2.0
2012-05-01,28,Tuesday,19.0
2012-05-03,28,Thursday,2.0
2012-05-04,28,Friday,1.0
2012-05-06,28,Sunday,2.0
2012-05-07,28,Monday,1.0
2012-05-09,28,Wednesday,2.0
2012-05-10,28,Thursday,1.0
2012-05-11,28,Friday,1.0
2012-05-12,28,Saturday,1.0
2012-06-01,28,Friday,20.0
2012-06-02,28,Saturday,1.0
2012-06-03,28,Sunday,1.0
2012-06-06,28,Wednesday,3.0
2012-06-07,28,Thursday,1.0
2012-06-08,28,Friday,1.0
2012-06-09,28,Saturday,1.0
2012-06-11,28,Monday,2.0
2012-06-12,28,Tuesday,1.0
2012-07-02,28,Monday,20.0
2012-07-03,28,Tuesday,1.0
2012-07-05,28,Thursday,2.0
2012-07-06,28,Friday,1.0
2012-07-08,28,Sunday,2.0
2012-07-09,28,Monday,1.0
2012-07-11,28,Wednesday,2.0
2012-07-12,28,Thursday,1.0
2012-08-02,28,Thursday,21.0
2012-08-03,28,Friday,1.0
2012-08-05,28,Sunday,2.0
2012-08-06,28,Monday,1.0
2012-08-08,28,Wednesday,2.0
2012-08-10,28,Friday,2.0
2012-08-11,28,Saturday,1.0
2012-09-01,28,Saturday,21.0
2012-09-02,28,Sunday,1.0
2012-09-03,28,Monday,1.0
2012-09-04,28,Tuesday,1.0
2012-09-05,28,Wednesday,1.0
2012-09-07,28,Friday,2.0
2012-09-08,28,Saturday,1.0
2012-09-10,28,Monday,2.0
2012-09-11,28,Tuesday,1.0
2012-10-01,28,Monday,20.0
2012-10-02,28,Tuesday,1.0
2012-10-04,28,Thursday,2.0
2012-10-05,28,Friday,1.0
2012-10-07,28,Sunday,2.0
2012-10-08,28,Monday,1.0
2012-10-09,28,Tuesday,1.0
2012-10-10,28,Wednesday,1.0
2012-10-12,28,Friday,2.0
2012-11-01,28,Thursday,20.0
2012-11-04,28,Sunday,3.0
2012-11-05,28,Monday,1.0
2012-11-06,28,Tuesday,1.0
2012-11-07,28,Wednesday,1.0
2012-11-09,28,Friday,2.0
2012-11-10,28,Saturday,1.0
2012-11-12,28,Monday,2.0
2012-12-01,28,Saturday,19.0
2012-12-03,28,Monday,2.0
2012-12-04,28,Tuesday,1.0
2012-12-06,28,Thursday,2.0
2012-12-07,28,Friday,1.0
2012-12-09,28,Sunday,2.0
2012-12-10,28,Monday,1.0
2012-12-11,28,Tuesday,1.0
2012-12-12,28,Wednesday,1.0
