symbol,violation_count,mean_bid_minus_ask,median_bid_minus_ask,max_abs_bid_ask_inversion,quote_set
AAPL,386,0.21585492227979267,0.125,1.75,1pm
AMZN,293,0.39962457337883955,0.125,14.0,1pm
BAC,12,0.15604166666666805,0.030000000000001137,0.625,1pm
C,15,0.12566666666666676,0.020000000000003126,0.8200000000000003,1pm
CVX,8,0.04250000000000309,0.015000000000000568,0.20000000000000284,1pm
DIS,15,0.0650000000000001,0.030000000000001137,0.3099999999999987,1pm
GE,24,0.0990625000000011,0.015000000000002345,0.8599999999999994,1pm
GOOG,4,11.399999999999977,0.15499999999997272,45.27999999999997,1pm
GS,8,0.20468749999999858,0.03499999999999659,1.3400000000000034,1pm
HD,10,0.3259999999999998,0.07124999999999915,1.625,1pm
INTC,518,0.3733011583011582,0.1875,5.0,1pm
JNJ,11,0.13613636363636383,0.0625,0.480000000000004,1pm
JPM,15,0.33400000000000035,0.020000000000003126,1.5399999999999991,1pm
KO,8,0.30343750000000114,0.1875,0.875,1pm
MA,2,0.25,0.25,0.375,1pm
MS,7,0.4385714285714276,0.125,1.375,1pm
NFLX,2,0.07000000000000206,0.07000000000000206,0.13000000000000256,1pm
NVDA,257,0.40371595330739307,0.240000000000002,4.219999999999999,1pm
ORCL,395,0.23213924050632917,0.125,3.5,1pm
PEP,4,0.0356249999999978,0.03499999999999659,0.0625,1pm
PFE,13,0.05730769230769102,0.00999999999999801,0.5,1pm
QQQ,54,0.037638888888888736,0.010000000000005116,0.9399999999999977,1pm
SPY,87,0.03708333333333277,0.010000000000005116,1.3700000000000045,1pm
UNH,3,0.2133333333333335,0.1799999999999926,0.45000000000000284,1pm
V,7,0.08642857142857048,0.00999999999999801,0.25,1pm
WFC,12,0.09020833333333418,0.0400000000000027,0.36999999999999744,1pm
WMT,11,0.11909090909090994,0.020000000000003126,0.5,1pm
XOM,17,0.042500000000000634,0.010000000000005116,0.39000000000000057,1pm
AAPL,882,0.16870181405895687,0.0625,3.1875,c1
AMZN,678,0.34652839233038346,0.0625,14.625,c1
BAC,38,0.20500000000000068,0.03999999999999915,1.1599999999999966,c1
C,44,0.05835227272727242,0.010000000000005116,0.5,c1
CVX,21,0.021428571428570548,0.010000000000005116,0.0800000000000054,c1
DIS,27,0.07212962962962982,0.030000000000001137,0.6000000000000014,c1
GE,64,0.11570312500000013,0.020000000000003126,1.75,c1
GOOG,182,0.366703296703298,0.06999999999999318,45.30000000000001,c1
GS,48,0.10885416666666729,0.030000000000001137,1.375,c1
HD,39,0.15647435897435977,0.030000000000001137,2.625,c1
INTC,997,0.3440045135406219,0.125,7.5,c1
JNJ,30,0.0787499999999992,0.019999999999999574,0.6875,c1
JPM,34,0.25727941176470587,0.02499999999999858,1.875,c1
KO,28,0.12857142857142861,0.01999999999999602,1.125,c1
MA,7,0.08357142857142767,0.06999999999999318,0.21999999999999886,c1
MS,15,0.3423333333333346,0.125,1.25,c1
NFLX,73,0.06794520547945225,0.019999999999999574,1.7199999999999989,c1
NVDA,522,0.26561781609195395,0.0625,3.4375,c1
ORCL,667,0.23483133433283362,0.07000000000000028,2.875,c1
PEP,20,0.07124999999999951,0.01999999999999602,0.6099999999999994,c1
PFE,45,0.04288888888888888,0.010000000000005116,0.375,c1
QQQ,199,0.026981783919598178,0.010000000000001563,0.46875,c1
SPY,255,0.035691176470587706,0.01999999999999602,0.8499999999999943,c1
UNH,21,0.04035714285714286,0.020000000000003126,0.375,c1
V,6,0.058333333333331794,0.025000000000000355,0.22999999999999687,c1
WFC,24,0.2648958333333325,0.019999999999997797,3.5,c1
WMT,49,0.07142857142857142,0.030000000000001137,0.75,c1
XOM,34,0.0538235294117657,0.029999999999997584,0.4375,c1
AAPL,766,0.18842689295039167,0.0625,3.1875,4pm
AMZN,680,0.3458952205882354,0.0625,14.625,4pm
BAC,68,0.12632352941176445,0.02000000000000135,1.1599999999999966,4pm
C,52,0.05360576923076899,0.010000000000005116,0.5,4pm
CVX,61,0.040327868852459266,0.030000000000001137,0.30000000000001137,4pm
DIS,54,0.049537037037036755,0.010000000000001563,0.6000000000000014,4pm
GE,79,0.09724683544303797,0.019999999999999574,1.75,4pm
GOOG,115,0.5231304347826066,0.06999999999999318,45.20999999999998,4pm
GS,78,0.09705128205128496,0.030000000000001137,1.375,4pm
HD,67,0.09604477611940344,0.019999999999999574,2.625,4pm
INTC,983,0.3476093591047813,0.125,7.5,4pm
JNJ,60,0.05787500000000042,0.030000000000001137,0.6875,4pm
JPM,83,0.12213855421686738,0.01999999999999602,1.875,4pm
KO,57,0.0759649122807016,0.020000000000003126,1.125,4pm
MA,17,0.0908823529411749,0.060000000000002274,0.44000000000002615,4pm
MS,49,0.11948979591836834,0.019999999999999574,1.25,4pm
NFLX,84,0.0633333333333335,0.025000000000001243,1.7199999999999989,4pm
NVDA,483,0.28324016563147,0.0899999999999963,3.4375,4pm
ORCL,688,0.22821584302325584,0.0625,2.875,4pm
PEP,46,0.047500000000000514,0.030000000000001137,0.6099999999999994,4pm
PFE,54,0.040231481481481604,0.01000000000000334,0.375,4pm
QQQ,199,0.031878140703517625,0.010000000000001563,0.875,4pm
SPY,326,0.03516487730061299,0.01999999999999602,0.8400000000000034,4pm
UNH,34,0.04463235294117736,0.02000000000000668,0.375,4pm
V,8,0.05124999999999913,0.025000000000000355,0.22999999999999687,4pm
WFC,39,0.17352564102564072,0.01999999999999602,3.5,4pm
WMT,59,0.06406779661017012,0.030000000000001137,0.75,4pm
XOM,61,0.057868852459017114,0.03999999999999915,0.4375,4pm
AAPL,255,0.45546078431372555,0.25,8.5,last
AMZN,148,1.279662162162162,0.3125,14.625,last
BAC,391,0.10828644501278774,0.0625,0.9399999999999977,last
C,462,0.1027489177489178,0.0625,1.625,last
CVX,249,0.08694779116465798,0.04999999999999716,1.8100000000000023,last
DIS,347,0.1440850144092219,0.0625,1.875,last
GE,666,0.09438438438438435,0.04999999999999716,1.875,last
GOOG,2,0.1699999999999875,0.1699999999999875,0.32999999999992724,last
GS,293,0.5566467576791808,0.15000000000000568,60.125,last
HD,451,0.09855875831485589,0.05999999999999872,1.7199999999999989,last
INTC,506,0.7098468379446641,0.375,25.1875,last
JNJ,357,0.123403361344538,0.0625,1.9375,last
JPM,436,0.17889908256880738,0.07499999999999929,9.75,last
KO,269,0.1181226765799255,0.07000000000000028,2.1875,last
MA,159,0.7139622641509424,0.25,10.710000000000008,last
MS,165,0.3243636363636362,0.08000000000000007,24.41,last
NVDA,24,0.5072916666666666,0.1875,2.3125,last
ORCL,289,0.4330363321799308,0.25,2.875,last
PEP,163,0.10384969325153393,0.0625,0.5300000000000011,last
PFE,625,0.094032,0.04999999999999716,6.3125,last
QQQ,490,0.18730738775510217,0.0625,3.375,last
SPY,824,0.12324939927184504,0.060000000000002274,1.8125,last
UNH,294,0.16886054421768695,0.09000000000000341,3.6300000000000026,last
V,112,0.3033705357142854,0.14000000000000057,4.5,last
WFC,314,0.2489570063694267,0.1225000000000005,2.0,last
WMT,454,0.09716960352422903,0.05999999999999872,0.9375,last
XOM,374,0.08606951871657749,0.03999999999999915,1.0625,last
CVX,2,0.010000000000005116,0.010000000000005116,0.010000000000005116,1pm
DIS,1,0.01999999999999602,0.01999999999999602,0.01999999999999602,1pm
GE,1,0.010000000000001563,0.010000000000001563,0.010000000000001563,1pm
GOOG,1,0.009999999999990905,0.009999999999990905,0.009999999999990905,1pm
HD,1,0.009999999999990905,0.009999999999990905,0.009999999999990905,1pm
INTC,1,0.00999999999999801,0.00999999999999801,0.00999999999999801,1pm
SPY,3,0.01666666666666572,0.010000000000005116,0.030000000000001137,1pm
WFC,1,0.00999999999999801,0.00999999999999801,0.00999999999999801,1pm
WMT,1,0.00999999999999801,0.00999999999999801,0.00999999999999801,1pm
XOM,3,0.013333333333335418,0.010000000000005116,0.01999999999999602,1pm
AAPL,3,0.43999999999998823,0.05000000000001137,1.2199999999999704,c1
AMZN,1,0.21999999999999886,0.21999999999999886,0.21999999999999886,c1
CVX,1,0.0799999999999983,0.0799999999999983,0.0799999999999983,c1
GE,1,0.00999999999999801,0.00999999999999801,0.00999999999999801,c1
GOOG,3,0.646666666666647,0.6299999999999955,1.25,c1
GS,2,0.10999999999998522,0.10999999999998522,0.1599999999999966,c1
HD,3,0.01666666666666572,0.00999999999999801,0.030000000000001137,c1
INTC,2,0.04499999999999993,0.04499999999999993,0.08000000000000185,c1
JNJ,4,0.012499999999997513,0.00999999999999801,0.01999999999999602,c1
KO,2,0.035000000000003695,0.035000000000003695,0.05000000000000426,c1
MA,1,0.03000000000002956,0.03000000000002956,0.03000000000002956,c1
MS,1,0.00999999999999801,0.00999999999999801,0.00999999999999801,c1
NFLX,3,0.030000000000001137,0.030000000000001137,0.05000000000001137,c1
ORCL,2,0.015000000000000568,0.015000000000000568,0.020000000000003126,c1
PEP,2,0.015000000000004121,0.015000000000004121,0.020000000000003126,c1
QQQ,2,0.19000000000000128,0.19000000000000128,0.35999999999999943,c1
SPY,7,0.012857142857141315,0.010000000000005116,0.030000000000001137,c1
UNH,2,0.009999999999999787,0.009999999999999787,0.010000000000001563,c1
V,2,0.03499999999999659,0.03499999999999659,0.04999999999999716,c1
WFC,2,0.009999999999999787,0.009999999999999787,0.010000000000001563,c1
WMT,2,0.00999999999999801,0.00999999999999801,0.00999999999999801,c1
XOM,3,0.013333333333335418,0.010000000000005116,0.01999999999999602,c1
AAPL,9,0.06666666666666604,0.029999999999972715,0.25,4pm
AMZN,2,0.1150000000000091,0.1150000000000091,0.21999999999999886,4pm
BAC,15,0.011333333333333506,0.009999999999999787,0.020000000000000462,4pm
C,34,0.011470588235293717,0.00999999999999801,0.030000000000001137,4pm
CVX,25,0.03119999999999777,0.01999999999999602,0.0899999999999892,4pm
DIS,73,0.013698630136986155,0.00999999999999801,0.05999999999999517,4pm
GE,44,0.0127272727272729,0.010000000000001563,0.029999999999997584,4pm
GOOG,2,0.07499999999998863,0.07499999999998863,0.12000000000000455,4pm
GS,18,0.04666666666666449,0.045000000000001705,0.09999999999999432,4pm
HD,53,0.01301886792452779,0.00999999999999801,0.030000000000001137,4pm
INTC,40,0.013000000000000256,0.010000000000001563,0.08000000000000185,4pm
JNJ,55,0.015454545454545481,0.010000000000005116,0.10999999999999943,4pm
JPM,79,0.013670886075949481,0.00999999999999801,0.05000000000000426,4pm
KO,26,0.014999999999998383,0.010000000000005116,0.0799999999999983,4pm
MA,9,0.17888888888888724,0.0999999999999659,0.6299999999999955,4pm
MS,44,0.013409090909090825,0.010000000000000675,0.04999999999999716,4pm
NFLX,1,0.030000000000001137,0.030000000000001137,0.030000000000001137,4pm
NVDA,36,0.010000000000000083,0.009999999999999787,0.010000000000001563,4pm
ORCL,9,0.0099999999999988,0.00999999999999801,0.010000000000001563,4pm
PEP,25,0.016799999999999784,0.010000000000005116,0.05000000000001137,4pm
PFE,58,0.012758620689655114,0.010000000000001563,0.08999999999999986,4pm
QQQ,15,0.03666666666666742,0.010000000000005116,0.38000000000000256,4pm
SPY,114,0.02000000000000088,0.010000000000005116,0.060000000000002274,4pm
UNH,47,0.017446808510638078,0.010000000000001563,0.17999999999999972,4pm
V,22,0.038181818181815756,0.025000000000005684,0.14999999999999147,4pm
WFC,109,0.01431192660550451,0.010000000000001563,0.05000000000000071,4pm
WMT,75,0.01346666666666626,0.00999999999999801,0.060000000000002274,4pm
XOM,54,0.02888888888888867,0.020000000000003126,0.10000000000000853,4pm
BAC,59,0.040508474576271346,0.019999999999999574,0.15000000000000036,last
C,17,0.017058823529411637,0.010000000000000231,0.040000000000000036,last
CVX,46,0.09304347826086928,0.04000000000000625,0.6700000000000017,last
DIS,16,0.05125000000000046,0.0400000000000027,0.12999999999999545,last
GE,48,0.046458333333333345,0.024999999999999467,0.16000000000000014,last
GS,69,0.34710144927536296,0.12999999999999545,6.710000000000008,last
HD,19,0.04684210526315699,0.029999999999997584,0.18999999999999773,last
JNJ,25,0.07960000000000093,0.07000000000000028,0.19000000000000483,last
JPM,55,0.09127272727272732,0.060000000000002274,0.35999999999999943,last
KO,16,0.0625,0.03999999999999915,0.1599999999999966,last
MA,20,0.7580000000000012,0.19000000000001194,3.4299999999999784,last
MS,46,0.0495652173913046,0.03500000000000014,0.23000000000000043,last
PEP,8,0.06750000000000078,0.02499999999999858,0.2600000000000051,last
PFE,23,0.02913043478260877,0.019999999999999574,0.09999999999999787,last
UNH,14,0.03928571428571459,0.02500000000000213,0.15000000000000568,last
V,48,0.2558333333333332,0.07000000000000739,2.769999999999996,last
WFC,54,0.07611111111111094,0.029999999999998472,0.5100000000000016,last
WMT,37,0.041081081081081355,0.020000000000003126,0.20000000000000284,last
XOM,69,0.06782608695652245,0.03999999999999204,0.35999999999999943,last
